datetime,energy_kwh,voltage_mean,intensity_mean,sub_meter_kitchen_kwh,sub_meter_laundry_kwh,sub_meter_climate_kwh,sub_meter_total_kwh,unmetered_kwh
2006-12-16,20.152933333333333,236.24376262626262,13.082828282828283,0.0,0.546,4.926,5.472,14.680933333333332
2006-12-17,56.507666666666665,240.0870277777778,9.999027777777778,2.033,4.187,13.341,19.561,36.946666666666665
2006-12-18,36.73043333333333,241.23169444444446,6.421666666666667,1.063,2.621,14.018,17.702,19.02843333333333
2006-12-19,27.7699,241.9993125,4.926388888888889,0.839,7.602,6.197,14.638000000000002,13.131899999999998
2006-12-20,37.095800000000004,242.30806249999998,6.467361111111111,0.0,2.648,14.063,16.711000000000002,20.384800000000002
2006-12-21,28.618566666666666,241.0419027777778,5.028194444444445,1.765,2.623,10.421,14.809,13.809566666666667
2006-12-22,39.0223,241.1845486111111,6.872916666666667,3.151,0.35,11.131,14.632,24.390300000000003
2006-12-23,79.55643333333335,240.1360763888889,14.028055555555557,2.669,0.425,14.726,17.82,61.736433333333345
2006-12-24,42.5002,241.6874375,7.640416666666667,1.703,5.082,6.891,13.676,28.824199999999998
2006-12-25,45.718666666666664,243.39993055555558,7.951527777777779,6.62,1.962,5.795,14.377,31.34166666666666
2006-12-26,65.5685,241.6254375,11.347916666666666,1.086,2.533,14.979,18.598,46.9705
2006-12-27,25.479333333333333,243.76736111111111,4.5175,0.0,0.314,6.976,7.29,18.189333333333334
2006-12-28,34.54396666666666,243.26833333333335,6.086250000000001,2.207,4.419,9.176,15.802,18.741966666666663
2006-12-29,52.90653333333333,240.87130555555555,9.271388888888888,1.252,5.162,11.329,17.743000000000002,35.163533333333326
2006-12-30,46.7056,240.53597222222223,8.318888888888889,3.147,7.938,12.515,23.6,23.105599999999995
2006-12-31,58.236599999999996,239.8965763888889,10.199583333333333,0.0,0.347,6.502,6.849,51.38759999999999
2007-01-01,45.81673333333333,240.12897916666665,7.916944444444444,0.0,0.352,5.88,6.232,39.58473333333333
2007-01-02,21.153933333333335,241.94377777777777,3.7140277777777775,0.0,0.348,6.562,6.91,14.243933333333334
2007-01-03,16.9009,243.5570902777778,3.0140277777777778,0.0,0.344,4.765,5.109,11.7919
2007-01-04,54.32353333333333,239.7502986111111,9.478194444444444,1.051,7.597,10.896,19.544,34.77953333333333
2007-01-05,45.22273333333333,240.49576388888892,7.885138888888889,1.483,0.379,7.602,9.464,35.75873333333333
2007-01-06,25.139633333333332,239.67305555555555,4.543888888888889,1.336,0.402,5.678,7.416,17.723633333333332
2007-01-07,40.79366666666667,240.90248611111113,7.282638888888889,1.987,8.177,12.81,22.974,17.819666666666667
2007-01-08,37.356,239.5769513888889,6.551666666666667,0.0,0.467,17.547,18.014,19.342000000000002
2007-01-09,31.1509,240.48752083333335,5.521111111111111,1.688,4.267,9.79,15.745,15.4059
2007-01-10,35.913333333333334,241.02745138888892,6.357777777777779,0.771,4.456,11.012,16.239,19.674333333333333
2007-01-11,37.58656666666666,241.1556875,6.658333333333333,1.378,2.17,12.415,15.963,21.62356666666666
2007-01-12,24.354933333333335,241.53820833333336,4.309166666666666,0.0,0.439,8.276,8.715,15.639933333333335
2007-01-13,53.113566666666664,239.28361111111113,9.453055555555554,7.806,2.975,11.341,22.122,30.991566666666664
2007-01-14,50.183816666666665,238.81780555555557,8.971666666666668,1.777,4.215,12.9915,18.9835,31.200316666666666
2007-01-15,35.811299999999996,241.2409097222222,6.261527777777778,1.099,2.239,15.163,18.501,17.310299999999994
2007-01-16,28.106733333333334,241.94475694444446,4.975972222222222,2.063,0.644,6.583,9.290000000000001,18.81673333333333
2007-01-17,47.46146666666667,241.00525,8.283888888888889,3.5,5.737,16.064,25.301000000000002,22.160466666666665
2007-01-18,30.3577,240.89359722222224,5.3425,0.0,0.336,13.491,13.827,16.530700000000003
2007-01-19,24.674,240.16094444444445,4.37625,2.103,0.33,7.172,9.605,15.068999999999999
2007-01-20,52.22886666666667,238.8674722222222,9.348055555555556,4.324,5.222,11.44,20.985999999999997,31.24286666666667
2007-01-21,56.7877,238.96811805555558,10.190694444444444,10.346,5.567,11.599,27.512,29.2757
2007-01-22,36.34156666666667,241.60313194444444,6.355277777777778,1.054,2.983,11.361,15.398,20.943566666666673
2007-01-23,29.627333333333336,242.76255555555556,5.260833333333333,0.0,1.064,5.061,6.125,23.502333333333336
2007-01-24,49.79756666666666,241.45769444444446,8.733611111111111,3.464,2.48,11.744,17.688,32.109566666666666
2007-01-25,26.605733333333333,243.42436111111112,4.629305555555556,1.158,0.262,11.239,12.659,13.946733333333333
2007-01-26,26.9662,242.77179166666667,4.721388888888889,1.163,0.261,8.238,9.661999999999999,17.3042
2007-01-27,34.06786666666667,241.61656944444442,5.949861111111111,1.17,3.896,12.374,17.44,16.627866666666666
2007-01-28,51.54041666666667,240.30152083333334,9.133888888888889,3.466,3.9975,12.061,19.5245,32.01591666666667
2007-01-29,33.0444,240.9295972222222,5.788888888888889,1.123,0.294,15.254,16.671,16.373400000000004
2007-01-30,28.4633,241.84087499999998,5.028194444444445,1.123,1.424,8.149,10.695999999999998,17.767300000000002
2007-01-31,39.39586666666666,239.92113194444443,6.923611111111111,0.0,5.95,15.052,21.002,18.393866666666664
2007-02-01,30.412666666666667,240.3921388888889,5.3325000000000005,1.17,0.386,13.145,14.701,15.711666666666666
2007-02-02,27.7956,240.3343888888889,4.870833333333334,0.0,0.356,11.338,11.693999999999999,16.1016
2007-02-03,67.16203333333334,238.91019444444444,11.815972222222221,4.746,4.573,17.834,27.153,40.00903333333334
2007-02-04,59.93233333333333,239.63333333333333,10.565416666666668,3.391,4.597,14.472,22.46,37.47233333333333
2007-02-05,27.421333333333333,240.81031249999998,4.820416666666667,0.896,2.564,7.849,11.309000000000001,16.112333333333332
2007-02-06,21.224666666666668,241.26415972222225,3.7719444444444448,1.185,0.405,4.517,6.107,15.117666666666668
2007-02-07,38.8003,241.14969444444444,6.791666666666667,3.299,3.513,11.986,18.798000000000002,20.002299999999998
2007-02-08,30.023566666666667,241.79730555555554,5.248333333333334,2.226,0.366,10.157,12.749,17.274566666666665
2007-02-09,27.003300000000003,241.74044444444445,4.727222222222222,0.0,3.045,9.77,12.815,14.188300000000003
2007-02-10,47.15546666666667,240.0368263888889,8.303749999999999,5.071,2.831,14.405,22.307,24.84846666666667
2007-02-11,59.52046666666667,239.5061458333333,10.526805555555557,2.43,4.765,13.114,20.309,39.21146666666667
2007-02-12,31.293499999999998,240.09850000000003,5.503472222222222,2.227,0.399,11.517,14.142999999999999,17.1505
2007-02-13,23.575766666666667,241.16685416666667,4.14375,0.0,2.828,6.256,9.084,14.491766666666667
2007-02-14,41.644533333333335,240.3753888888889,7.315138888888888,3.295,3.793,11.579,18.667,22.977533333333334
2007-02-15,33.0891,240.66922222222223,5.820277777777778,0.0,2.363,14.028,16.391000000000002,16.6981
2007-02-16,28.375466666666668,240.82094444444442,5.0465277777777775,1.148,0.859,8.689,10.696,17.67946666666667
2007-02-17,34.615199999999994,239.31603472222224,6.129166666666666,1.765,2.226,7.157,11.148,23.467199999999995
2007-02-18,63.82936666666667,239.17080555555557,11.238888888888889,6.107,8.003,13.129,27.238999999999997,36.590366666666675
2007-02-19,36.44356666666667,239.78958333333333,6.442222222222222,1.634,2.9,13.085,17.619,18.82456666666667
2007-02-20,52.498799999999996,239.86544444444445,9.168472222222222,2.058,5.191,9.713,16.962,35.5368
2007-02-21,34.5479,240.46096527777777,6.0744444444444445,3.527,2.332,11.548,17.407,17.1409
2007-02-22,56.290333333333336,238.62018055555555,9.880277777777778,1.409,4.165,12.285,17.859,38.431333333333335
2007-02-23,21.891333333333332,240.68596527777777,3.825416666666667,0.0,0.503,10.786,11.289,10.602333333333332
2007-02-24,11.915366666666667,239.86310416666666,2.0858333333333334,0.0,0.363,3.562,3.925,7.9903666666666675
2007-02-25,8.362333333333334,241.6815486111111,1.462222222222222,0.0,0.329,1.66,1.9889999999999999,6.373333333333334
2007-02-26,9.474733333333335,241.27359027777777,1.658888888888889,0.0,0.331,2.83,3.161,6.313733333333335
2007-02-27,8.6352,242.94427083333332,1.5245833333333334,0.0,0.314,1.924,2.238,6.3972
2007-02-28,8.679566666666666,242.15959027777777,1.5284722222222222,0.0,0.34,1.973,2.313,6.366566666666666
2007-03-01,8.626066666666667,241.3214027777778,1.508888888888889,0.0,0.316,1.98,2.296,6.330066666666667
2007-03-02,8.5948,240.59159722222225,1.5068055555555557,0.0,0.34,1.969,2.309,6.285799999999999
2007-03-03,13.652033333333332,241.28808333333336,2.401111111111111,0.0,0.347,4.597,4.944000000000001,8.708033333333331
2007-03-04,34.845,240.0297986111111,6.158194444444444,1.476,8.711,9.408,19.595,15.25
2007-03-05,44.33886666666667,240.03090972222222,7.840277777777778,5.727,12.109,10.026,27.862,16.47686666666667
2007-03-06,20.775,240.98806944444445,3.6956944444444444,0.0,1.74,4.7,6.44,14.334999999999997
2007-03-07,39.58676666666667,240.3235625,6.935,1.076,4.761,15.513,21.35,18.236766666666668
2007-03-08,26.2022,240.66542361111112,4.665138888888889,2.18,3.385,6.655,12.219999999999999,13.982200000000002
2007-03-09,21.2102,240.88846527777778,3.73125,1.093,0.345,8.631,10.069,11.1412
2007-03-10,41.41186666666667,239.80283333333335,7.341944444444445,4.13,5.422,10.979,20.531,20.88086666666667
2007-03-11,58.0106,240.00729166666667,10.121527777777779,4.81,3.42,9.5,17.73,40.28059999999999
2007-03-12,32.51113333333333,240.55871527777776,5.728472222222222,1.403,2.841,12.353,16.597,15.914133333333332
2007-03-13,21.5024,240.89796527777779,3.8056944444444443,1.35,3.859,5.323,10.532,10.970400000000001
2007-03-14,29.889400000000002,240.77729166666666,5.2675,3.485,0.48,8.607,12.572,17.317400000000003
2007-03-15,31.413566666666668,240.28049305555552,5.523194444444444,0.0,3.263,11.036,14.299,17.11456666666667
2007-03-16,28.36756666666667,239.52713194444445,4.992361111111111,1.106,4.604,5.37,11.08,17.28756666666667
2007-03-17,33.8015,238.22465277777778,5.946111111111111,2.208,0.359,12.275,14.842,18.9595
2007-03-18,39.51743333333333,241.04781944444443,7.007916666666667,6.564,7.369,5.856,19.789,19.728433333333328
2007-03-19,35.8753,240.49709027777777,6.281944444444444,1.648,2.686,14.118,18.451999999999998,17.423300000000005
2007-03-20,34.77046666666667,240.8156388888889,6.151249999999999,3.745,2.837,11.255,17.837000000000003,16.933466666666668
2007-03-21,35.70153333333334,240.98664583333334,6.237222222222223,1.865,4.133,12.335,18.333000000000002,17.368533333333335
2007-03-22,24.249633333333335,241.76352777777777,4.223055555555556,0.353,0.736,10.462,11.551,12.698633333333335
2007-03-23,21.8168,241.64547916666666,3.80375,1.127,0.777,8.369,10.273,11.543800000000001
2007-03-24,49.47383333333333,239.70447222222222,8.703333333333333,3.707,5.797,16.382,25.886000000000003,23.58783333333333
2007-03-25,55.61088333333333,240.03453819444442,9.717152777777779,4.63,3.6,9.358,17.588,38.022883333333326
2007-03-26,23.601366666666667,241.3368125,4.183055555555556,1.088,0.344,9.096,10.528,13.073366666666667
2007-03-27,18.419,240.60197916666664,3.296527777777778,0.0,3.019,3.697,6.716,11.703
2007-03-28,38.8983,240.4446111111111,6.854583333333333,1.122,8.527,13.888,23.537,15.3613
2007-03-29,26.506766666666667,240.5366875,4.676805555555556,1.162,0.46,10.724,12.346,14.160766666666667
2007-03-30,23.373233333333335,241.03922916666667,4.189583333333333,1.094,0.468,8.217,9.779,13.594233333333335
2007-03-31,58.49183333333334,239.26077083333334,10.264722222222222,2.62,7.707,17.682,28.009,30.48283333333334
2007-04-01,46.43253333333333,240.02448611111112,8.149444444444445,4.629,5.401,19.509,29.539,16.89353333333333
2007-04-02,32.679633333333335,240.46011805555557,5.71263888888889,1.755,0.97,16.641,19.366,13.313633333333335
2007-04-03,27.380333333333333,240.50495833333335,4.84625,3.63,1.042,7.637,12.309,15.071333333333333
2007-04-04,34.1978,240.33178472222224,5.98625,3.434,0.42,14.748,18.602,15.5958
2007-04-05,30.73463333333333,241.1731041666667,5.491527777777778,1.086,4.277,10.523,15.886,14.848633333333332
2007-04-06,26.68566666666667,241.18445138888887,4.688611111111111,0.0,5.466,9.166,14.632000000000001,12.053666666666668
2007-04-07,25.898733333333332,240.37859027777776,4.564583333333333,1.127,3.111,5.923,10.161000000000001,15.737733333333331
2007-04-08,26.8136,240.34918055555556,4.719861111111111,0.0,0.485,3.545,4.03,22.7836
2007-04-09,16.682,240.55048611111113,2.974583333333333,2.667,0.514,3.801,6.982,9.7
2007-04-10,12.956066666666667,240.8137013888889,2.347361111111111,0.209,0.742,2.572,3.523,9.433066666666667
2007-04-11,14.791366666666667,241.1548263888889,2.61875,0.0,1.112,6.421,7.533,7.258366666666666
2007-04-12,8.961766666666668,240.25606249999998,1.5979166666666667,0.0,0.541,1.818,2.359,6.602766666666668
2007-04-13,9.1837,240.05048611111113,1.6433333333333333,0.0,0.558,1.988,2.5460000000000003,6.6377
2007-04-14,9.2378,240.31314583333332,1.6513888888888888,0.0,0.578,2.008,2.586,6.6518
2007-04-15,12.102733333333333,240.23668750000002,2.1865277777777776,0.0,1.026,2.893,3.9189999999999996,8.183733333333333
2007-04-16,15.873166666666666,240.6571388888889,2.8724999999999996,0.952,1.305,4.656,6.912999999999999,8.960166666666666
2007-04-17,20.395566666666664,240.19566666666668,3.6908333333333334,1.532,0.389,6.199,8.12,12.275566666666665
2007-04-18,16.637433333333334,240.14677777777777,2.9954166666666664,1.579,0.355,3.43,5.364,11.273433333333333
2007-04-19,17.144299999999998,240.42984027777777,3.055833333333333,0.733,1.605,5.748,8.086,9.058299999999997
2007-04-20,13.709666666666667,240.13289583333332,2.494861111111111,1.069,0.36,3.499,4.928,8.781666666666666
2007-04-21,27.894266666666667,239.21323611111112,5.035694444444444,6.575,0.463,11.129,18.167,9.727266666666665
2007-04-22,37.228566666666666,239.60888194444442,6.688472222222222,4.264,2.287,11.102,17.653,19.575566666666667
2007-04-23,17.5761,237.23564583333334,3.264166666666666,1.402,0.506,6.005,7.913,9.6631
2007-04-24,17.201666666666664,235.3449236111111,3.1448611111111116,1.125,0.527,6.68,8.332,8.869666666666664
2007-04-25,21.069366666666667,234.94111111111113,3.858055555555556,0.0,1.469,8.812,10.280999999999999,10.788366666666668
2007-04-26,21.257766666666665,234.7872986111111,3.92375,1.324,1.845,7.163,10.332,10.925766666666664
2007-04-27,18.23886666666667,235.21616666666668,3.3125,1.772,0.545,4.756,7.073,11.16586666666667
2007-04-28,10.842427783745077,235.89338099340614,2.010105770378327,0.0,0.018,0.0,0.018,10.824427783745076
2007-04-29,8.22301611170784,235.28055719656282,1.5105800214822773,0.0,0.0,0.0,0.0,8.22301611170784
2007-04-30,10.78932277121375,234.80638472669767,1.979314208139396,1.214,0.5,1.131,2.8449999999999998,7.944322771213749
2007-05-01,27.730966666666667,234.6787013888889,5.073333333333333,4.005,0.995,8.546,13.546,14.184966666666668
2007-05-02,16.724766666666667,235.58207638888888,3.1415277777777777,0.007,1.49,3.754,5.2509999999999994,11.473766666666668
2007-05-03,18.170633333333335,235.1348888888889,3.307638888888889,1.906,1.725,7.836,11.467,6.703633333333334
2007-05-04,16.635466666666666,235.71019444444443,3.0780555555555553,2.259,0.538,3.99,6.787,9.848466666666667
2007-05-05,26.050866666666664,235.03502083333333,4.736111111111111,2.913,2.493,11.303,16.709,9.341866666666665
2007-05-06,35.035066666666665,234.4096527777778,6.409027777777778,3.215,0.949,10.095,14.259,20.776066666666665
2007-05-07,27.3944,234.5369722222222,4.980972222222222,0.946,4.935,9.433,15.314,12.080400000000001
2007-05-08,29.82153333333333,234.9062361111111,5.356388888888889,4.581,2.011,8.777,15.369,14.452533333333331
2007-05-09,27.76226666666667,234.8737222222222,5.056111111111111,3.018,5.631,9.474,18.123,9.639266666666668
2007-05-10,11.798066666666667,235.79625694444442,2.2068055555555555,0.946,0.534,3.261,4.741,7.0570666666666675
2007-05-11,16.319233333333333,235.22975694444443,3.027638888888889,0.926,0.491,6.471,7.888,8.431233333333333
2007-05-12,24.0261,234.72290277777776,4.360555555555555,2.247,1.075,10.408,13.73,10.2961
2007-05-13,27.245633333333334,235.7087083333333,4.969166666666667,3.612,2.414,8.958,14.984,12.261633333333334
2007-05-14,24.463033333333332,235.69006944444445,4.574166666666667,3.176,2.417,5.517,11.11,13.353033333333332
2007-05-15,15.073200000000002,235.61199305555556,2.7333333333333334,0.0,0.408,5.318,5.726,9.3472
2007-05-16,28.215733333333333,235.26081250000001,5.071805555555556,2.213,5.756,9.077,17.046,11.169733333333333
2007-05-17,20.530266666666666,235.86845833333334,3.720972222222222,1.014,2.073,7.687,10.774000000000001,9.756266666666665
2007-05-18,27.192166666666665,235.9945972222222,4.876666666666666,3.27,3.913,8.116,15.299,11.893166666666666
2007-05-19,23.824033333333333,234.94472222222223,4.319305555555555,4.683,0.53,7.022,12.235,11.589033333333333
2007-05-20,32.80546666666667,235.34811805555555,5.941527777777777,5.42,1.733,7.611,14.764,18.04146666666667
2007-05-21,18.6677,234.6919097222222,3.338611111111111,0.0,0.468,9.06,9.528,9.1397
2007-05-22,18.88086666666667,235.48057638888892,3.3998611111111114,0.931,3.966,3.984,8.881,9.99986666666667
2007-05-23,24.415599999999998,234.81249305555554,4.3975,0.956,3.792,8.119,12.866999999999999,11.548599999999999
2007-05-24,19.2398,235.5460625,3.462083333333333,0.955,4.116,4.746,9.817,9.422799999999999
2007-05-25,26.903666666666666,234.44720138888886,4.863472222222222,8.06,0.586,6.539,15.185,11.718666666666666
2007-05-26,25.204133333333335,235.0698888888889,4.562777777777778,2.373,2.754,8.628,13.755,11.449133333333334
2007-05-27,35.8968,234.90843750000002,6.5065277777777775,4.366,5.534,10.444,20.344,15.552799999999998
2007-05-28,27.291133333333335,234.90657638888888,4.921944444444445,4.554,0.473,9.586,14.613,12.678133333333335
2007-05-29,17.689,235.6943472222222,3.2072222222222218,0.0,1.907,4.332,6.239,11.45
2007-05-30,26.8311,234.83139583333335,4.8284722222222225,2.25,5.948,7.804,16.002000000000002,10.829099999999997
2007-05-31,15.6425,235.09652777777777,2.7918055555555554,0.935,0.477,3.552,4.964,10.6785
2007-06-01,17.422833333333333,235.32296527777777,3.1349305555555556,0.0,0.483,7.664,8.147,9.275833333333333
2007-06-02,24.73936666666667,234.4690277777778,4.474027777777778,3.971,1.25,7.633,12.854,11.88536666666667
2007-06-03,35.133766666666666,234.762375,6.352916666666667,4.985,7.529,8.334,20.848,14.285766666666667
2007-06-04,15.193633333333334,234.7480694444444,2.8222222222222224,1.585,0.836,4.533,6.954000000000001,8.239633333333334
2007-06-05,24.314866666666667,234.6927638888889,4.465138888888889,4.484,1.027,6.448,11.959,12.355866666666667
2007-06-06,28.263550000000002,234.62111458333337,5.111736111111111,3.33,0.829,11.679,15.838000000000001,12.425550000000001
2007-06-07,16.4167,234.47880555555554,2.9823611111111115,0.985,0.699,3.959,5.643,10.773699999999998
2007-06-08,35.80076666666666,236.19744444444444,6.448194444444444,2.799,11.44,11.38,25.619,10.181766666666661
2007-06-09,18.421,240.697375,3.3024305555555555,0.852,0.62,6.92,8.392,10.029
2007-06-10,22.346866666666664,240.84428472222223,4.005694444444444,4.202,1.924,5.983,12.108999999999998,10.237866666666665
2007-06-11,13.244233333333334,240.85674999999998,2.4179166666666667,0.0,0.487,5.328,5.815,7.429233333333333
2007-06-12,15.312766666666667,240.2248958333333,2.8586111111111108,1.882,0.475,3.898,6.255,9.057766666666666
2007-06-13,15.454533333333334,240.39760416666667,2.8175,0.957,0.857,5.216,7.03,8.424533333333333
2007-06-14,20.984733333333335,239.84778472222223,3.783333333333333,3.322,2.147,7.054,12.523,8.461733333333335
2007-06-15,16.4934,240.46438194444445,3.0662499999999997,2.269,4.011,4.547,10.827,5.666400000000001
2007-06-16,33.62936666666666,239.50169444444444,5.975,3.289,4.498,11.108,18.895000000000003,14.73436666666666
2007-06-17,32.451499999999996,240.21918055555554,5.7693055555555555,4.124,5.038,8.734,17.896,14.555499999999995
2007-06-18,11.3079,240.77620138888886,2.07875,0.0,0.529,4.241,4.77,6.5379000000000005
2007-06-19,14.088433333333334,240.26706944444445,2.5656944444444445,0.973,0.537,4.386,5.896,8.192433333333334
2007-06-20,17.904766666666667,240.15616666666668,3.3068055555555556,1.761,2.588,5.106,9.455,8.449766666666667
2007-06-21,13.4491,240.57494444444444,2.500833333333333,0.932,2.4,3.711,7.042999999999999,6.4061
2007-06-22,9.438233333333333,240.83563194444443,1.807361111111111,0.0,0.951,3.482,4.433,5.005233333333333
2007-06-23,7.959433333333334,240.31896527777778,1.5356944444444445,0.0,0.786,2.402,3.188,4.771433333333334
2007-06-24,11.910933333333332,241.1322152777778,2.207638888888889,0.0,0.791,3.449,4.24,7.670933333333332
2007-06-25,17.870033333333332,240.4222638888889,3.25,1.985,3.621,4.816,10.422,7.448033333333331
2007-06-26,15.748466666666667,240.09450694444448,2.877083333333333,0.971,1.334,5.231,7.536,8.212466666666668
2007-06-27,24.680433333333333,239.7584097222222,4.429166666666666,2.603,6.451,7.27,16.323999999999998,8.356433333333335
2007-06-28,21.590633333333336,239.4236666666667,3.8895833333333334,0.0,4.368,9.541,13.909,7.681633333333336
2007-06-29,21.741366666666668,240.17944444444447,3.9406944444444445,4.363,0.667,6.797,11.827,9.914366666666668
2007-06-30,22.255233333333333,240.01161111111108,3.9715277777777778,3.049,0.792,8.376,12.216999999999999,10.038233333333334
2007-07-01,17.111066666666666,240.06715277777778,3.080694444444444,0.969,0.736,4.69,6.3950000000000005,10.716066666666666
2007-07-02,16.1172,240.6718125,2.9277777777777776,1.018,5.281,3.445,9.744,6.373200000000001
2007-07-03,17.665200000000002,240.1869375,3.2306944444444445,0.467,3.214,4.695,8.376000000000001,9.289200000000001
2007-07-04,16.723499999999998,240.65963194444444,3.0954166666666665,2.329,2.218,5.632,10.179,6.5444999999999975
2007-07-05,17.6215,240.44444444444446,3.2331944444444445,2.922,0.77,3.973,7.665,9.956500000000002
2007-07-06,17.825400000000002,240.5994513888889,3.2686111111111114,2.826,3.563,4.005,10.394,7.431400000000002
2007-07-07,22.636766666666666,239.91013888888887,4.034861111111111,0.997,3.047,10.177,14.221,8.415766666666666
2007-07-08,18.151333333333334,240.33889583333334,3.289305555555556,1.825,2.831,5.277,9.933,8.218333333333334
2007-07-09,19.6693,240.6176458333333,3.51625,0.923,0.594,9.386,10.902999999999999,8.766300000000001
2007-07-10,15.138733333333333,239.98305555555555,2.786111111111111,0.067,2.227,4.631,6.925000000000001,8.213733333333332
2007-07-11,12.0392,241.0300347222222,2.1994444444444445,1.015,0.647,5.284,6.946,5.0931999999999995
2007-07-12,17.82636666666667,240.76461805555556,3.2336111111111108,1.029,2.55,6.419,9.998,7.828366666666669
2007-07-13,13.2397,240.85480555555554,2.450833333333333,0.0,0.633,4.427,5.06,8.1797
2007-07-14,21.4695,241.29188194444444,3.8940277777777776,3.775,1.968,6.604,12.347000000000001,9.122499999999999
2007-07-15,17.441683333333334,240.54533333333336,3.224375,0.862,0.715,5.585,7.162,10.279683333333335
2007-07-16,14.2279,236.5072361111111,2.6605555555555553,0.83,0.695,4.176,5.7010000000000005,8.5269
2007-07-17,11.993866666666666,234.74125694444442,2.27625,0.848,0.694,3.335,4.877,7.116866666666666
2007-07-18,12.618033333333333,231.08822916666665,2.3868055555555556,0.909,0.671,4.628,6.208,6.410033333333333
2007-07-19,11.2981,234.26186111111113,2.1438888888888887,1.068,0.703,3.13,4.901,6.3971
2007-07-20,18.507033333333332,235.56890277777777,3.451666666666666,2.111,2.418,4.765,9.294,9.213033333333332
2007-07-21,17.6708,234.25662499999999,3.291527777777778,0.428,0.512,7.756,8.696,8.9748
2007-07-22,22.955750000000002,235.9622673611111,4.228541666666667,7.091,2.136,5.574,14.801,8.154750000000002
2007-07-23,16.51696666666667,234.50086805555554,3.075972222222222,1.747,1.288,3.847,6.882,9.634966666666669
2007-07-24,13.754733333333332,235.36304166666667,2.550972222222222,0.0,1.607,5.599,7.206,6.548733333333332
2007-07-25,7.876,235.6410486111111,1.4793055555555554,0.0,0.151,2.333,2.484,5.392
2007-07-26,15.408333333333333,234.94372222222225,2.8381944444444445,0.975,3.633,4.346,8.954,6.454333333333333
2007-07-27,20.0419,235.55368055555556,3.6233333333333335,1.837,0.049,7.157,9.043,10.998899999999999
2007-07-28,27.031033333333333,235.5072361111111,4.941666666666666,0.907,10.265,6.559,17.731,9.300033333333332
2007-07-29,5.351933333333333,235.71203472222223,1.0334722222222223,0.0,0.0,1.288,1.288,4.063933333333333
2007-07-30,7.780266666666666,235.5302291666667,1.4672222222222224,0.0,0.0,2.528,2.528,5.2522666666666655
2007-07-31,13.538866666666667,234.9148125,2.5025,3.277,0.0,3.575,6.852,6.686866666666667
2007-08-01,18.06955,234.972,3.278888888888889,1.583,0.0,9.9905,11.573500000000001,6.4960499999999985
2007-08-02,16.990266666666667,234.85659027777777,3.087083333333333,0.482,0.0,6.869,7.351,9.639266666666668
2007-08-03,17.722733333333334,234.4856041666667,3.2072222222222218,0.958,0.0,9.139,10.097,7.625733333333335
2007-08-04,19.083166666666667,235.25722222222223,3.4523611111111108,0.552,0.398,7.966,8.916,10.167166666666667
2007-08-05,13.1183,235.11527083333334,2.4368055555555554,0.169,0.0,6.647,6.816,6.3023
2007-08-06,18.162,234.70274305555557,3.3170833333333336,1.096,0.0,7.985,9.081,9.081
2007-08-07,24.726333333333333,234.55388194444447,4.425972222222222,0.437,2.168,9.042,11.647,13.079333333333333
2007-08-08,18.758033333333334,234.512375,3.3805555555555555,1.055,1.111,9.66,11.826,6.932033333333333
2007-08-09,17.861333333333334,234.21438888888886,3.272361111111111,0.182,4.515,6.646,11.343,6.518333333333334
2007-08-10,17.1335,234.48881250000002,3.1297222222222225,0.336,2.651,8.287,11.274000000000001,5.859500000000001
2007-08-11,18.194166666666668,234.98018055555556,3.2856944444444443,1.18,0.91,10.339,12.429,5.765166666666667
2007-08-12,20.6984,235.6648541666667,3.742777777777778,1.123,1.156,8.582,10.861,9.837399999999999
2007-08-13,19.216866666666665,235.21656944444445,3.44875,0.093,0.476,11.101,11.670000000000002,7.546866666666663
2007-08-14,15.686499999999999,237.07638888888889,2.8541666666666665,0.951,0.685,6.256,7.892,7.794499999999998
2007-08-15,19.86433333333333,239.99340972222222,3.5420833333333337,0.338,0.508,9.787,10.633000000000001,9.23133333333333
2007-08-16,15.974933333333333,239.73765972222222,2.843888888888889,0.962,0.0,7.476,8.438,7.536933333333332
2007-08-17,16.831533333333333,240.4940486111111,2.9815277777777776,0.244,0.0,7.769,8.013,8.818533333333333
2007-08-18,5.799333333333333,241.27963194444445,1.0788888888888888,0.0,0.0,1.83,1.83,3.969333333333333
2007-08-19,23.704900000000002,239.9536666666667,4.2619444444444445,1.025,8.912,5.989,15.926000000000002,7.7789
2007-08-20,22.314033333333334,241.30069444444445,3.9633333333333334,1.032,6.965,7.383,15.379999999999999,6.9340333333333355
2007-08-21,10.709266666666668,240.57305555555556,1.961111111111111,0.0,0.038,3.296,3.3339999999999996,7.375266666666668
2007-08-22,20.163466666666668,240.81731944444445,3.57125,3.048,1.836,7.241,12.125,8.038466666666668
2007-08-23,18.53853333333333,240.64730555555556,3.330277777777778,2.502,0.259,5.342,8.103,10.43553333333333
2007-08-24,27.608566666666665,240.49481944444443,4.936180555555556,1.891,3.7835,9.944,15.618500000000001,11.990066666666664
2007-08-25,19.181333333333335,239.8598263888889,3.55375,4.149,2.191,5.678,12.018,7.163333333333334
2007-08-26,21.9151,239.95091666666667,4.012638888888889,1.541,3.645,5.658,10.844000000000001,11.071099999999998
2007-08-27,20.1955,239.92358333333334,3.6912499999999997,2.305,1.229,6.344,9.878,10.317499999999999
2007-08-28,16.616733333333332,239.54987500000001,2.996111111111111,1.038,2.468,5.483,8.989,7.627733333333332
2007-08-29,12.466533333333333,240.74499305555554,2.279583333333333,0.957,0.562,4.932,6.4510000000000005,6.015533333333332
2007-08-30,20.04096666666667,240.57317361111112,3.6043055555555554,3.822,2.58,4.221,10.623000000000001,9.417966666666668
2007-08-31,21.330366666666666,239.98570138888888,3.788472222222222,1.2,0.666,8.738,10.604,10.726366666666667
2007-09-01,28.3581,239.35574305555556,5.065416666666667,2.497,0.569,9.733,12.799,15.5591
2007-09-02,27.707800000000002,240.04533333333336,5.017222222222222,3.613,1.617,8.806,14.036,13.671800000000003
2007-09-03,17.315366666666666,239.62034722222222,3.1306944444444444,0.621,2.515,5.323,8.459,8.856366666666666
2007-09-04,26.415733333333332,239.65966666666665,4.755972222222223,2.928,3.501,9.821,16.25,10.165733333333332
2007-09-05,20.60953333333333,239.1481597222222,3.697638888888889,0.0,4.144,6.705,10.849,9.760533333333331
2007-09-06,15.024566666666667,239.3400486111111,2.752222222222222,0.0,3.888,3.461,7.349,7.675566666666667
2007-09-07,22.274933333333333,239.0317013888889,4.007222222222222,3.632,0.551,9.388,13.571,8.703933333333334
2007-09-08,24.495866666666664,239.73044444444446,4.391944444444444,3.339,1.801,9.164,14.303999999999998,10.191866666666666
2007-09-09,27.991699999999998,238.92214583333333,5.054027777777778,2.184,4.438,9.233,15.855,12.136699999999998
2007-09-10,18.622933333333332,239.3886597222222,3.36375,0.935,0.595,5.613,7.143000000000001,11.479933333333332
2007-09-11,16.392866666666666,240.07199305555554,2.9520833333333334,0.943,0.55,5.792,7.285,9.107866666666666
2007-09-12,21.462733333333333,240.01505555555556,3.86,0.0,3.217,7.755,10.972,10.490733333333333
2007-09-13,19.106366666666666,239.3098333333333,3.4644444444444447,1.175,2.523,3.853,7.551,11.555366666666666
2007-09-14,18.924500000000002,239.30189583333333,3.444722222222222,0.901,0.676,5.804,7.381,11.543500000000002
2007-09-15,18.2552,240.00197222222224,3.278194444444445,0.0,1.449,6.464,7.913,10.342199999999998
2007-09-16,27.537066666666664,239.56046527777778,4.96625,3.118,3.064,9.31,15.492,12.045066666666663
2007-09-17,24.353099999999998,239.21479861111112,4.413472222222222,6.651,0.926,6.279,13.856,10.497099999999998
2007-09-18,19.458666666666666,238.26067361111112,3.5127777777777776,1.888,2.029,5.425,9.341999999999999,10.116666666666667
2007-09-19,21.64473333333333,240.30520833333333,3.8833333333333333,0.0,2.743,7.937,10.68,10.964733333333331
2007-09-20,20.92553333333333,239.71498611111113,3.720972222222222,1.056,0.489,9.996,11.541,9.38453333333333
2007-09-21,20.646333333333335,239.38146527777778,3.732638888888889,3.13,2.745,6.316,12.190999999999999,8.455333333333336
2007-09-22,19.602866666666667,239.48303472222221,3.515138888888889,0.944,1.311,7.688,9.943,9.659866666666668
2007-09-23,23.632833333333334,239.50043055555554,4.28,2.831,1.929,7.382,12.142,11.490833333333335
2007-09-24,22.575499999999998,238.60060416666667,4.078749999999999,0.929,3.935,7.955,12.818999999999999,9.756499999999999
2007-09-25,29.405700000000003,238.0996111111111,5.206388888888889,0.916,2.253,9.82,12.989,16.416700000000002
2007-09-26,30.525,239.41785416666667,5.396944444444444,1.058,9.452,5.695,16.205,14.32
2007-09-27,23.209999999999997,239.56705555555556,4.0777777777777775,1.066,0.643,7.324,9.033,14.176999999999998
2007-09-28,28.008300000000002,239.46243055555558,4.994166666666667,0.996,3.722,9.952,14.67,13.338300000000002
2007-09-29,38.27536666666666,239.1401111111111,6.7931944444444445,4.085,7.457,8.19,19.732,18.543366666666664
2007-09-30,25.2715,240.0647847222222,4.452500000000001,1.405,0.582,10.225,12.212,13.0595
2007-10-01,28.682033333333333,239.23991666666666,5.0737499999999995,1.507,6.622,5.96,14.088999999999999,14.593033333333334
2007-10-02,36.647733333333335,238.49379166666665,6.474027777777778,0.508,8.022,12.815,21.345,15.302733333333336
2007-10-03,21.340899999999998,239.26106944444444,3.8,0.979,5.024,3.692,9.695,11.645899999999997
2007-10-04,25.307633333333335,239.2050763888889,4.454583333333334,2.4,0.444,9.71,12.554,12.753633333333335
2007-10-05,23.23486666666667,238.8271111111111,4.089722222222222,0.0,0.351,9.425,9.776,13.458866666666669
2007-10-06,29.270666666666667,238.38071527777777,5.167638888888889,4.84,0.347,9.666,14.853,14.417666666666667
2007-10-07,35.1019,238.8262777777778,6.207916666666667,2.498,8.255,10.886,21.639,13.462900000000001
2007-10-08,18.254033333333332,239.09654861111113,3.2311111111111113,0.0,0.42,5.082,5.502,12.752033333333333
2007-10-09,28.130966666666666,238.87914583333333,4.9823611111111115,2.034,2.147,9.29,13.470999999999998,14.659966666666667
2007-10-10,19.44953333333333,239.4211597222222,3.4886111111111116,1.863,2.117,3.345,7.325,12.124533333333332
2007-10-11,28.8741,238.4441527777778,5.1090277777777775,2.63,0.414,7.806,10.85,18.024099999999997
2007-10-12,31.908399999999997,238.48131250000003,5.667083333333333,1.02,5.028,11.659,17.707,14.201399999999996
2007-10-13,32.11213333333333,238.76540972222222,5.700694444444444,0.969,3.799,8.463,13.230999999999998,18.881133333333334
2007-10-14,34.3542,239.1010347222222,6.078749999999999,2.93,7.494,7.126,17.55,16.804199999999998
2007-10-15,21.1055,239.29270833333334,3.7219444444444445,1.061,0.339,7.654,9.054,12.051499999999999
2007-10-16,32.7407,238.86261805555554,5.823194444444444,0.0,7.871,9.876,17.747,14.993699999999997
2007-10-17,26.28216666666667,239.19213194444444,4.6369444444444445,1.065,0.453,8.968,10.486,15.796166666666668
2007-10-18,25.308833333333332,239.80028472222222,4.43375,1.162,0.317,9.864,11.343,13.965833333333332
2007-10-19,34.7608,239.65217361111112,6.103194444444445,1.299,3.124,11.648,16.070999999999998,18.689800000000005
2007-10-20,27.67076666666667,241.82481944444444,4.814722222222222,2.363,0.296,13.225,15.884,11.786766666666669
2007-10-21,32.36566666666667,241.49074305555555,5.701666666666666,3.712,4.357,7.313,15.382000000000001,16.983666666666668
2007-10-22,27.548266666666667,240.54540277777778,4.805833333333333,0.0,0.299,13.027,13.325999999999999,14.222266666666668
2007-10-23,32.66153333333333,241.23120833333334,5.719166666666667,1.067,5.214,10.68,16.961,15.700533333333333
2007-10-24,31.093933333333332,240.80827083333332,5.473194444444444,4.459,0.364,9.115,13.937999999999999,17.155933333333333
2007-10-25,30.898633333333333,240.47263194444446,5.413611111111111,1.478,2.433,7.385,11.296,19.602633333333333
2007-10-26,23.959466666666668,240.68085416666665,4.365833333333334,0.0,0.348,5.766,6.114,17.845466666666667
2007-10-27,29.761466666666667,240.20120833333334,5.309166666666666,1.374,4.856,8.949,15.179,14.582466666666667
2007-10-28,8.535966666666667,240.86605555555556,1.485277777777778,0.0,0.283,1.765,2.048,6.487966666666667
2007-10-29,9.090466666666666,241.19330555555555,1.5744444444444443,0.0,0.269,2.749,3.0180000000000002,6.072466666666665
2007-10-30,13.5168,240.62592361111112,2.3513888888888888,0.0,1.935,4.256,6.191000000000001,7.325799999999999
2007-10-31,21.386833333333335,240.33897916666666,3.7423611111111112,0.0,4.7,8.915,13.614999999999998,7.771833333333337
2007-11-01,8.270266666666666,240.93840277777778,1.4359722222222224,0.0,0.293,1.991,2.2840000000000003,5.9862666666666655
2007-11-02,24.060033333333333,239.3489861111111,4.202638888888889,1.346,2.115,12.245,15.706,8.354033333333334
2007-11-03,8.209166666666667,240.19050694444445,1.4343055555555557,0.0,0.282,1.936,2.218,5.9911666666666665
2007-11-04,24.761433333333333,240.20552083333334,4.384027777777778,0.0,4.387,7.068,11.454999999999998,13.306433333333334
2007-11-05,25.009866666666667,239.65911111111112,4.39625,1.265,0.397,6.583,8.245000000000001,16.764866666666666
2007-11-06,34.706300000000006,238.70195833333335,6.149861111111111,1.105,5.515,10.69,17.31,17.396300000000007
2007-11-07,30.745966666666668,239.5649097222222,5.481111111111111,5.042,0.301,6.374,11.716999999999999,19.02896666666667
2007-11-08,25.017666666666667,240.75264583333333,4.435,1.715,0.314,6.5,8.529,16.488666666666667
2007-11-09,36.1871,238.71543749999998,6.367222222222222,0.0,4.573,15.375,19.948,16.2391
2007-11-10,43.526666666666664,239.11040972222222,7.706944444444445,3.697,0.304,13.767,17.768,25.758666666666663
2007-11-11,31.452066666666667,240.26026388888891,5.540555555555556,3.445,0.32,6.024,9.789,21.663066666666666
2007-11-12,35.93576666666667,239.82559027777776,6.271944444444444,1.018,4.165,13.281,18.464,17.471766666666674
2007-11-13,36.90663333333334,241.12297916666668,6.4534722222222225,0.978,4.933,11.076,16.987000000000002,19.919633333333337
2007-11-14,34.13323333333333,239.9460277777778,5.9406944444444445,1.055,0.295,16.345,17.695,16.43823333333333
2007-11-15,24.866466666666668,239.98499305555558,4.396388888888889,1.606,0.571,7.503,9.68,15.186466666666668
2007-11-16,38.4959,240.9835138888889,6.718055555555556,1.991,4.66,13.564,20.215,18.2809
2007-11-17,43.50156666666667,240.6034236111111,7.598888888888888,2.588,2.199,14.99,19.777,23.724566666666668
2007-11-18,36.39763333333334,242.26045833333333,6.3476388888888895,5.201,2.097,7.066,14.364,22.033633333333338
2007-11-19,28.727566666666668,242.76635416666664,5.00625,1.089,0.253,10.75,12.092,16.63556666666667
2007-11-20,34.930933333333336,241.33882638888886,6.090416666666667,1.015,3.954,11.026,15.995000000000001,18.935933333333335
2007-11-21,29.250999999999998,241.4952048611111,5.120694444444444,1.1405,0.549,9.4705,11.16,18.090999999999998
2007-11-22,32.2063,241.5650486111111,5.65625,2.867,0.297,9.001,12.165,20.0413
2007-11-23,42.04363333333333,240.72236805555556,7.340694444444445,2.168,6.181,13.685,22.034,20.009633333333333
2007-11-24,31.6509,241.80274305555557,5.512638888888889,1.573,4.131,13.451,19.155,12.495899999999999
2007-11-25,23.259966666666667,242.66115972222224,4.086666666666667,3.556,0.279,5.678,9.513,13.746966666666667
2007-11-26,26.16193333333333,241.11649305555557,4.601388888888889,1.088,0.288,8.926,10.302,15.85993333333333
2007-11-27,46.68353333333334,241.32109722222222,8.15625,1.063,11.02,15.111,27.194000000000003,19.489533333333334
2007-11-28,27.415666666666667,242.89480555555556,4.775555555555556,1.182,0.769,7.81,9.761,17.654666666666667
2007-11-29,28.657633333333333,242.73200347222223,5.015694444444445,2.031,0.283,8.818,11.132,17.52563333333333
2007-11-30,38.86213333333333,243.48774999999998,6.757222222222222,0.0,7.941,13.601,21.542,17.32013333333333
2007-12-01,52.24903333333334,240.2660833333333,9.191527777777777,9.356,0.353,17.847,27.556,24.693033333333336
2007-12-02,49.10313333333333,240.73000694444445,8.618611111111111,2.09,6.915,10.636,19.641,29.462133333333334
2007-12-03,29.367666666666665,241.07959027777775,5.165555555555556,1.141,0.299,10.428,11.868,17.499666666666663
2007-12-04,34.4606,241.53597916666666,6.045138888888889,1.012,5.828,8.561,15.401,19.0596
2007-12-05,35.88533333333333,241.22788194444445,6.348194444444444,3.422,0.295,10.919,14.636000000000001,21.249333333333325
2007-12-06,41.46556666666667,239.7100972222222,7.337916666666667,4.751,0.318,11.908,16.977,24.488566666666667
2007-12-07,29.483600000000003,240.6710486111111,5.157916666666666,0.459,3.71,10.263,14.431999999999999,15.051600000000004
2007-12-08,36.89006666666667,239.55993055555555,6.508055555555556,1.133,2.354,12.283,15.77,21.12006666666667
2007-12-09,37.90973333333333,239.9150763888889,6.701527777777779,4.176,2.428,8.728,15.332,22.577733333333327
2007-12-10,29.312566666666665,241.90383333333335,5.174583333333333,1.102,0.278,8.281,9.661000000000001,19.651566666666664
2007-12-11,38.4184,241.4602361111111,6.7122222222222225,1.05,3.817,12.74,17.607,20.8114
2007-12-12,26.467699999999997,242.47632638888888,4.591111111111111,1.152,0.254,7.759,9.165000000000001,17.302699999999994
2007-12-13,30.79576666666667,241.82734027777778,5.419583333333334,1.103,1.448,8.911,11.462,19.33376666666667
2007-12-14,32.913466666666665,241.9859236111111,5.757777777777778,0.98,3.849,12.941,17.770000000000003,15.143466666666662
2007-12-15,45.6146,241.28064583333332,7.98,1.706,3.687,14.313,19.706,25.908600000000003
2007-12-16,46.036966666666665,242.6849861111111,7.992222222222222,3.41,2.281,12.929,18.62,27.416966666666664
2007-12-17,29.974933333333336,242.62617708333335,5.189930555555556,1.636,0.243,10.567,12.446,17.528933333333335
2007-12-18,43.7199,242.93998611111112,7.602083333333334,1.123,5.81,11.093,18.026,25.693900000000003
2007-12-19,36.60086666666667,242.70109722222224,6.334444444444444,1.233,2.658,11.679,15.57,21.030866666666668
2007-12-20,32.49596666666667,243.16793750000002,5.613333333333333,1.859,0.276,13.592,15.727,16.768966666666667
2007-12-21,33.04293333333333,242.88163194444445,5.713749999999999,1.191,0.2,12.251,13.642,19.40093333333333
2007-12-22,43.52106666666667,242.14553472222224,7.593472222222222,3.819,4.55,12.673,21.042,22.479066666666668
2007-12-23,40.1508,242.5579375,6.982777777777779,1.971,3.091,11.962,17.024,23.126799999999996
2007-12-24,37.6308,242.6504236111111,6.549722222222223,2.985,2.316,14.35,19.651,17.9798
2007-12-25,44.91613333333333,242.98086805555556,7.790972222222222,4.588,3.368,9.084,17.04,27.87613333333333
2007-12-26,43.00466666666667,242.39239583333332,7.426111111111111,1.109,2.773,9.48,13.362,29.64266666666667
2007-12-27,42.2033,242.1116111111111,7.395833333333333,4.122,1.49,7.96,13.572,28.6313
2007-12-28,51.8842,242.28447916666667,9.030555555555555,1.98,8.554,15.823,26.357,25.5272
2007-12-29,54.982600000000005,240.55066666666667,9.56,4.836,2.434,14.906,22.176000000000002,32.8066
2007-12-30,42.6486,242.0991736111111,7.465694444444445,3.595,3.597,13.485,20.677,21.971600000000002
2007-12-31,36.942366666666665,241.09479166666668,6.455,0.0,3.457,14.071,17.528,19.414366666666666
2008-01-01,45.99563333333333,241.0366736111111,7.978611111111111,2.461,2.739,12.355,17.555,28.44063333333333
2008-01-02,27.401766666666667,242.41745138888888,4.770416666666667,0.0,3.094,8.987,12.081,15.320766666666668
2008-01-03,25.168466666666667,243.0774583333333,4.401666666666666,1.13,0.846,6.671,8.647,16.52146666666667
2008-01-04,38.19753333333333,241.27338194444442,6.715138888888888,1.241,5.326,11.752,18.319000000000003,19.87853333333333
2008-01-05,36.38746666666667,238.82294444444443,6.446805555555556,2.113,0.286,14.591,16.99,19.39746666666667
2008-01-06,30.419733333333333,239.40729166666668,5.390138888888889,1.966,2.445,7.824,12.235,18.184733333333334
2008-01-07,28.26356666666667,240.74393750000002,4.915277777777778,1.288,0.282,10.294,11.864,16.39956666666667
2008-01-08,34.05916666666666,240.82180555555558,5.99,2.197,3.511,9.793,15.501,18.558166666666665
2008-01-09,29.807333333333336,241.2586388888889,5.231944444444444,1.162,0.284,8.963,10.408999999999999,19.398333333333337
2008-01-10,31.567933333333333,240.80713888888891,5.5945833333333335,1.307,0.285,9.992,11.584000000000001,19.983933333333333
2008-01-11,28.4303,240.41004861111108,4.963472222222222,1.261,0.29,7.997,9.548,18.8823
2008-01-12,47.8568,239.96018055555552,8.523888888888889,5.594,2.621,11.116,19.331,28.5258
2008-01-13,48.10175,239.74699652777778,8.45673611111111,6.5055,0.3415,9.3785,16.2255,31.876250000000002
2008-01-14,33.748866666666665,240.29900694444444,6.014583333333333,5.918,0.339,9.738,15.995000000000001,17.753866666666664
2008-01-15,44.781866666666666,240.7094861111111,7.891249999999999,0.782,6.883,14.512,22.177,22.604866666666666
2008-01-16,35.59753333333333,240.42214583333333,6.319583333333334,1.162,3.43,9.391,13.983,21.61453333333333
2008-01-17,26.2047,241.62799305555555,4.6450000000000005,1.007,0.35,8.657,10.014,16.1907
2008-01-18,36.449799999999996,239.93293055555554,6.432222222222222,1.034,0.846,14.983,16.863,19.586799999999997
2008-01-19,33.0051,239.60592361111114,5.828888888888889,2.521,6.054,8.015,16.59,16.4151
2008-01-20,29.00613333333333,239.94454166666668,5.148888888888889,1.775,0.38,4.94,7.095000000000001,21.911133333333332
2008-01-21,30.9833,239.56475,5.519027777777778,0.0,0.376,10.447,10.822999999999999,20.1603
2008-01-22,38.7503,240.09477777777778,6.92875,4.67,7.64,7.552,19.862,18.888300000000005
2008-01-23,31.3718,240.90704861111112,5.520277777777777,1.116,0.387,13.359,14.862,16.5098
2008-01-24,27.417033333333332,240.77922916666668,4.887916666666667,1.107,0.32,5.935,7.362,20.055033333333334
2008-01-25,37.330933333333334,240.70544444444445,6.544027777777777,0.0,2.421,11.409,13.83,23.500933333333336
2008-01-26,47.2498,239.76020833333334,8.366666666666667,4.925,0.311,15.606,20.842,26.4078
2008-01-27,39.6961,241.3036736111111,6.984861111111112,3.725,3.818,7.367,14.91,24.7861
2008-01-28,38.46993333333333,240.46677777777776,6.769583333333334,1.142,0.28,12.792,14.214,24.25593333333333
2008-01-29,44.6004,240.62310416666668,7.8422222222222215,1.487,6.199,11.077,18.762999999999998,25.837400000000002
2008-01-30,27.3441,241.61465277777776,4.826388888888889,0.0,0.261,7.261,7.522,19.8221
2008-01-31,32.56536666666667,241.88574999999997,5.793333333333333,1.165,0.267,9.437,10.869,21.69636666666667
2008-02-01,25.577533333333335,240.36027083333332,4.5176388888888885,0.336,0.28,7.241,7.856999999999999,17.720533333333336
2008-02-02,49.00745,240.28889930555556,8.656319444444446,6.2835,2.764,15.205,24.252499999999998,24.75495
2008-02-03,34.7428,240.34072222222224,6.135694444444444,2.319,4.435,8.452,15.206,19.536800000000003
2008-02-04,27.13563333333333,240.25520833333334,4.777222222222222,1.161,0.252,9.531,10.944,16.19163333333333
2008-02-05,41.2076,240.97691666666668,7.2105555555555565,1.098,7.803,13.717,22.618000000000002,18.589599999999997
2008-02-06,27.825666666666667,238.41371527777778,4.9336111111111105,2.114,0.356,8.428,10.898,16.927666666666667
2008-02-07,25.305166666666665,241.07054861111112,4.439305555555555,0.0,0.295,8.089,8.384,16.921166666666664
2008-02-08,32.5094,240.43311805555555,5.747222222222222,0.94,1.921,9.563,12.424,20.0854
2008-02-09,35.03793333333333,241.76450694444446,6.09,2.05,2.838,10.293,15.181,19.85693333333333
2008-02-10,36.411899999999996,241.2752013888889,6.396805555555555,2.562,2.955,10.128,15.645,20.766899999999996
2008-02-11,28.200266666666668,241.69219444444445,4.931805555555556,1.018,0.297,8.93,10.245,17.955266666666667
2008-02-12,33.12996666666667,239.50915277777779,5.847083333333333,2.009,1.856,12.138,16.003,17.126966666666668
2008-02-13,31.674966666666666,241.20309722222223,5.5801388888888885,2.53,3.615,7.568,13.713,17.96196666666667
2008-02-14,26.7437,240.76481944444447,4.68375,1.3,0.291,9.299,10.889999999999999,15.853700000000002
2008-02-15,33.42013333333333,241.89060416666663,5.78125,1.109,1.723,13.417,16.249,17.171133333333334
2008-02-16,39.1158,241.08755555555555,6.893888888888889,1.076,2.36,11.599,15.035,24.0808
2008-02-17,32.2228,242.46983333333333,5.654444444444445,3.182,2.257,6.049,11.488,20.7348
2008-02-18,25.240066666666667,242.06393055555554,4.37625,0.0,0.251,10.345,10.596,14.644066666666667
2008-02-19,35.448600000000006,241.01013194444445,6.219722222222222,1.881,4.711,11.2,17.792,17.656600000000005
2008-02-20,37.56316666666667,241.66968749999998,6.608333333333333,3.655,5.516,7.704,16.875,20.688166666666667
2008-02-21,27.230833333333333,240.7503888888889,4.788472222222222,0.0,0.307,8.523,8.83,18.40083333333333
2008-02-22,28.876066666666667,241.43576388888889,5.055277777777778,1.167,1.985,10.101,13.253,15.623066666666666
2008-02-23,30.608900000000002,239.6676111111111,5.411527777777778,1.684,2.25,10.074,14.008,16.600900000000003
2008-02-24,21.050133333333335,240.37779861111113,3.638888888888889,0.754,0.332,11.447,12.533,8.517133333333335
2008-02-25,8.408133333333334,239.77600694444445,1.4555555555555555,0.0,0.321,1.856,2.177,6.231133333333334
2008-02-26,8.452,239.5333263888889,1.4590277777777778,0.0,0.295,2.013,2.308,6.144
2008-02-27,9.445333333333334,239.5540208333333,1.6341666666666665,0.0,0.326,2.969,3.295,6.150333333333334
2008-02-28,8.4864,239.80427083333336,1.4669444444444446,0.0,0.281,2.028,2.309,6.1774
2008-02-29,22.222466666666666,238.03849305555556,3.872638888888889,0.0,3.773,8.062,11.834999999999999,10.387466666666667
2008-03-01,19.031266666666667,239.4315138888889,3.277638888888889,0.0,1.287,2.724,4.011,15.020266666666668
2008-03-02,19.370433333333335,239.74624305555557,3.425,0.0,5.244,2.565,7.808999999999999,11.561433333333335
2008-03-03,17.342499999999998,240.3519861111111,2.9775,0.0,2.207,1.755,3.9619999999999997,13.380499999999998
2008-03-04,27.8165,241.02641666666665,4.867638888888889,1.249,2.443,9.415,13.107,14.709500000000002
2008-03-05,33.95346666666667,241.06524305555556,5.970833333333333,1.145,9.797,5.529,16.471,17.48246666666667
2008-03-06,41.72013333333334,240.4292291666667,7.214583333333334,1.082,0.372,6.965,8.419,33.30113333333334
2008-03-07,31.049266666666664,240.81606944444445,5.441666666666666,1.235,3.471,9.033,13.739,17.310266666666664
2008-03-08,37.477666666666664,241.59095138888887,6.588333333333334,6.286,0.346,8.435,15.067,22.410666666666664
2008-03-09,26.007633333333334,240.74638194444444,4.591111111111111,2.607,0.333,4.155,7.095000000000001,18.912633333333332
2008-03-10,26.978099999999998,241.72734722222222,4.7125,2.009,0.368,8.66,11.036999999999999,15.941099999999999
2008-03-11,36.667366666666666,240.4241527777778,6.466944444444445,1.271,3.901,12.936,18.108,18.559366666666666
2008-03-12,29.570533333333334,241.05720833333334,5.1722222222222225,1.12,2.374,11.042,14.536,15.034533333333334
2008-03-13,27.92523333333333,240.802625,4.941666666666666,3.263,3.59,5.464,12.317,15.608233333333331
2008-03-14,36.836999999999996,240.62736805555554,6.44625,0.98,3.881,14.476,19.337,17.499999999999996
2008-03-15,26.271666666666665,240.19799305555554,4.6506944444444445,2.55,0.502,5.91,8.962,17.309666666666665
2008-03-16,30.032666666666668,241.29466666666667,5.298333333333334,2.394,0.566,11.286,14.245999999999999,15.786666666666669
2008-03-17,28.448633333333337,240.8052291666667,5.006944444444445,0.236,6.651,9.346,16.233,12.215633333333336
2008-03-18,31.959433333333333,241.9289861111111,5.571944444444445,1.156,4.019,12.544,17.719,14.240433333333332
2008-03-19,21.807466666666667,242.40221527777777,3.825555555555556,2.11,0.411,6.154,8.675,13.132466666666666
2008-03-20,20.887900000000002,241.76258333333334,3.6595833333333334,1.107,0.478,6.67,8.254999999999999,12.632900000000003
2008-03-21,34.4407,241.36990972222222,6.038194444444445,2.171,4.778,13.275,20.224,14.2167
2008-03-22,34.22526666666667,241.61215277777777,6.020277777777778,3.322,0.588,12.405,16.314999999999998,17.910266666666672
2008-03-23,38.76649999999999,242.65262500000003,6.790555555555556,6.279,2.112,13.878,22.269,16.497499999999995
2008-03-24,32.93783333333333,242.7059201388889,5.758611111111111,1.131,5.9885,7.026,14.1455,18.792333333333332
2008-03-25,33.5976,242.1382152777778,5.870555555555556,2.246,3.677,13.494,19.417,14.180599999999998
2008-03-26,27.224533333333333,242.8097986111111,4.763055555555556,2.547,3.831,7.547,13.925,13.299533333333333
2008-03-27,22.847033333333336,242.0955416666667,3.9608333333333334,0.0,0.356,9.022,9.378,13.469033333333336
2008-03-28,31.423733333333335,242.32334027777776,5.479027777777778,2.325,3.605,11.581,17.511,13.912733333333335
2008-03-29,41.185833333333335,241.2535486111111,7.209305555555555,5.153,0.375,17.24,22.767999999999997,18.417833333333338
2008-03-30,35.773199999999996,241.16375694444443,6.2775,5.045,1.315,9.769,16.128999999999998,19.644199999999998
2008-03-31,22.9595,242.72704166666668,4.005972222222223,1.091,0.411,9.387,10.889000000000001,12.070499999999997
2008-04-01,35.4842,241.61580555555557,6.202500000000001,1.079,6.657,14.515,22.251,13.2332
2008-04-02,28.194533333333332,238.66715972222224,5.007638888888889,1.106,3.674,7.989,12.769,15.425533333333332
2008-04-03,18.8126,240.69424305555557,3.2808333333333333,0.0,0.422,6.901,7.3229999999999995,11.4896
2008-04-04,27.19863333333333,241.33105555555554,4.726388888888889,2.133,0.775,13.246,16.154,11.04463333333333
2008-04-05,32.84603333333333,240.55802777777777,5.784861111111112,2.929,0.874,13.644,17.447,15.399033333333332
2008-04-06,28.271966666666668,241.14960416666665,4.946388888888889,1.124,2.615,7.552,11.291,16.980966666666667
2008-04-07,25.647299999999998,243.2283263888889,4.484166666666667,2.42,0.672,9.466,12.558,13.089299999999998
2008-04-08,44.29193333333333,242.06658333333334,7.6994444444444445,2.752,10.713,17.519,30.983999999999998,13.307933333333335
2008-04-09,20.314200000000003,242.31770833333334,3.5229166666666667,0.0,0.376,9.003,9.379,10.935200000000004
2008-04-10,24.6291,241.94904861111112,4.305416666666667,3.261,0.457,6.527,10.245000000000001,14.3841
2008-04-11,31.2944,240.758375,5.452638888888889,1.802,0.491,14.522,16.815,14.479399999999998
2008-04-12,46.666900000000005,241.0631736111111,8.218194444444444,7.076,2.499,15.225,24.799999999999997,21.866900000000008
2008-04-13,37.216433333333335,240.4233263888889,6.551805555555556,2.554,5.942,13.007,21.503,15.713433333333334
2008-04-14,26.493033333333333,242.31405555555554,4.604305555555555,0.0,0.425,11.197,11.622,14.871033333333333
2008-04-15,27.8401,241.23874305555555,4.909583333333334,1.174,3.998,9.874,15.046000000000001,12.794099999999998
2008-04-16,24.817733333333333,241.74438888888886,4.316111111111111,0.838,0.403,11.322,12.562999999999999,12.254733333333334
2008-04-17,23.264366666666668,241.40359722222223,4.104305555555555,1.719,0.417,8.638,10.774000000000001,12.490366666666667
2008-04-18,31.039833333333334,240.6415763888889,5.457638888888889,2.174,3.832,10.921,16.927,14.112833333333334
2008-04-19,37.56183333333333,241.14318055555555,6.636111111111111,4.319,2.457,14.722,21.497999999999998,16.063833333333335
2008-04-20,29.856966666666665,241.43287500000002,5.260555555555555,1.03,4.544,10.401,15.975,13.881966666666665
2008-04-21,19.4026,241.99249305555557,3.404166666666667,0.0,2.673,6.788,9.461,9.9416
2008-04-22,27.12793333333333,240.95971527777778,4.7725,0.971,5.093,10.603,16.667,10.46093333333333
2008-04-23,22.622133333333334,241.51134027777778,3.9675,1.38,0.492,8.406,10.278,12.344133333333334
2008-04-24,17.3962,240.60532638888887,3.0580555555555557,1.263,0.522,5.296,7.081,10.3152
2008-04-25,21.128899999999998,241.00715277777778,3.7,0.824,2.004,9.4,12.228,8.900899999999998
2008-04-26,15.052766666666667,240.79256249999997,2.634027777777778,0.0,0.634,3.586,4.22,10.832766666666668
2008-04-27,16.804,240.90728472222222,2.96375,0.693,0.588,5.488,6.769,10.034999999999998
2008-04-28,10.9842,240.97845833333332,1.9506944444444445,0.0,0.621,2.786,3.407,7.5771999999999995
2008-04-29,32.876933333333334,240.70690277777777,5.770694444444444,1.402,5.411,10.481,17.294,15.582933333333333
2008-04-30,18.362099999999998,241.43364583333334,3.218611111111111,1.057,0.59,6.653,8.299999999999999,10.0621
2008-05-01,9.600233333333334,241.4462638888889,1.7023611111111112,0.0,0.53,2.586,3.1159999999999997,6.484233333333334
2008-05-02,24.9628,241.64894444444442,4.377777777777778,3.114,0.584,8.687,12.385,12.577800000000002
2008-05-03,21.493333333333332,240.8336875,3.8009722222222218,0.996,0.541,6.535,8.072,13.421333333333333
2008-05-04,24.516166666666667,241.38047916666667,4.3625,2.196,2.872,5.464,10.532,13.984166666666667
2008-05-05,22.7822,240.73685416666666,3.997777777777778,1.008,0.378,10.197,11.582999999999998,11.199200000000001
2008-05-06,29.833000000000002,240.29031944444444,5.245972222222222,1.354,5.41,12.2,18.964,10.869000000000003
2008-05-07,19.6044,241.0812638888889,3.4575,1.03,0.423,6.649,8.102,11.502399999999998
2008-05-08,35.278299999999994,239.85129166666667,6.178472222222222,3.667,0.702,12.717,17.086,18.192299999999996
2008-05-09,29.121199999999998,240.47122222222222,5.136111111111111,2.229,0.423,11.904,14.556000000000001,14.565199999999997
2008-05-10,31.8188,240.08622916666667,5.636388888888889,6.95,0.612,11.714,19.276,12.5428
2008-05-11,26.848666666666666,240.48559722222222,4.804166666666666,0.563,1.34,6.93,8.833,18.015666666666668
2008-05-12,25.403399999999998,241.041625,4.519444444444445,2.082,1.085,11.959,15.126,10.277399999999998
2008-05-13,24.6149,240.3740625,4.391805555555555,0.823,4.089,8.37,13.282,11.332899999999999
2008-05-14,26.404366666666665,240.7085138888889,4.713333333333333,2.467,3.436,9.716,15.619,10.785366666666665
2008-05-15,19.379466666666666,240.35039583333335,3.5220833333333337,0.868,0.57,6.82,8.258000000000001,11.121466666666665
2008-05-16,27.517400000000002,239.61642361111112,4.924444444444444,2.228,2.568,8.957,13.753,13.764400000000002
2008-05-17,27.624233333333333,239.4728611111111,4.951527777777778,2.158,0.935,12.472,15.565,12.059233333333333
2008-05-18,30.065966666666668,239.68268750000001,5.4094444444444445,1.775,5.355,8.626,15.756,14.309966666666668
2008-05-19,17.171033333333334,240.43187500000002,3.0694444444444446,1.014,0.558,7.503,9.075,8.096033333333335
2008-05-20,26.355566666666668,241.01960416666665,4.682222222222222,1.352,2.431,11.977,15.760000000000002,10.595566666666667
2008-05-21,22.068533333333335,240.7605138888889,3.9166666666666665,1.989,0.474,9.251,11.713999999999999,10.354533333333336
2008-05-22,16.281133333333333,239.50019444444447,2.9559722222222224,0.996,0.44,6.475,7.911,8.370133333333333
2008-05-23,24.7486,239.49885416666666,4.358611111111111,0.0,1.39,14.734,16.124,8.624600000000001
2008-05-24,26.336266666666667,240.72490277777777,4.669027777777777,1.027,0.569,12.833,14.429,11.907266666666667
2008-05-25,34.141733333333335,239.94564583333332,6.136527777777778,4.307,8.811,6.016,19.134,15.007733333333334
2008-05-26,21.495166666666666,240.36368750000003,3.9297222222222223,0.985,0.666,9.284,10.935,10.560166666666666
2008-05-27,28.478333333333335,239.39086805555553,5.1073611111111115,0.0,5.352,11.478,16.83,11.648333333333337
2008-05-28,18.572866666666666,241.32269444444444,3.3505555555555557,3.138,0.512,6.709,10.359,8.213866666666666
2008-05-29,18.917933333333334,237.67515972222222,3.4756944444444446,1.004,0.507,8.703,10.213999999999999,8.703933333333335
2008-05-30,23.287399999999998,240.55369444444446,4.202916666666667,0.0,3.019,11.298,14.317,8.970399999999998
2008-05-31,27.357833333333335,240.65420138888888,4.923055555555555,1.764,2.328,11.858,15.95,11.407833333333336
2008-06-01,30.8146,240.62318055555556,5.423194444444444,1.906,0.545,11.307,13.758000000000001,17.056599999999996
2008-06-02,17.900199999999998,236.369875,3.2180555555555554,0.96,0.558,6.341,7.859,10.041199999999998
2008-06-03,26.630266666666667,234.15220833333333,4.844166666666667,2.897,2.608,9.265,14.77,11.860266666666668
2008-06-04,26.48186666666667,234.70647222222223,4.8277777777777775,1.55,7.682,6.508,15.740000000000002,10.741866666666667
2008-06-05,18.667966666666665,235.16382638888888,3.3976388888888893,1.747,0.506,8.781,11.034,7.633966666666664
2008-06-06,20.295233333333332,239.7169375,3.6720833333333336,1.009,0.506,7.871,9.386000000000001,10.909233333333331
2008-06-07,31.37473333333333,238.98444444444442,5.531944444444444,2.379,2.611,14.593,19.583,11.791733333333333
2008-06-08,25.705366666666666,239.96493750000002,4.596111111111111,2.536,3.161,9.732,15.428999999999998,10.276366666666668
2008-06-09,22.094966666666668,239.43468055555556,4.039722222222222,1.967,2.085,7.921,11.972999999999999,10.121966666666669
2008-06-10,17.78483333333333,239.97804861111112,3.204861111111111,0.907,0.585,8.992,10.484000000000002,7.30083333333333
2008-06-11,18.7201,240.1544722222222,3.388472222222222,0.977,0.842,7.566,9.385,9.335099999999999
2008-06-12,20.98886666666667,239.69002083333334,3.7993055555555557,1.951,0.567,7.246,9.764,11.22486666666667
2008-06-13,31.24996666666667,238.88891666666666,5.604166666666667,2.809,7.3585,10.5315,20.698999999999998,10.550966666666671
2008-06-14,23.082,240.01449305555556,4.207777777777777,1.862,1.011,10.681,13.553999999999998,9.528000000000002
2008-06-15,38.1517,239.45372916666668,6.773611111111111,6.471,6.802,11.589,24.862000000000002,13.289699999999996
2008-06-16,21.7174,240.43346527777777,3.9047222222222224,1.98,0.464,10.012,12.456,9.261400000000002
2008-06-17,19.084733333333336,240.35443055555555,3.4345833333333333,1.08,0.432,10.094,11.606,7.478733333333336
2008-06-18,31.560133333333333,239.73986805555555,5.711388888888889,7.549,3.04,12.687,23.276,8.284133333333333
2008-06-19,26.46803333333333,239.2726875,4.737916666666667,3.411,1.514,10.911,15.835999999999999,10.632033333333332
2008-06-20,27.935066666666668,239.9391875,5.008194444444444,2.948,2.935,12.417,18.3,9.635066666666667
2008-06-21,28.90423333333333,239.46340972222222,5.134166666666666,0.94,5.823,12.828,19.591,9.31323333333333
2008-06-22,26.106933333333334,239.04411805555557,4.674027777777778,4.705,1.175,10.652,16.532,9.574933333333334
2008-06-23,20.863266666666668,238.93765277777777,3.7919444444444443,2.6,0.581,10.124,13.305,7.558266666666668
2008-06-24,29.240866666666665,237.91538888888888,5.262222222222222,2.779,3.489,14.271,20.539,8.701866666666664
2008-06-25,21.0295,238.89490277777776,3.9109722222222225,2.773,0.569,9.402,12.744,8.285499999999999
2008-06-26,17.60033333333333,239.3514027777778,3.2111111111111112,0.921,0.572,8.971,10.464,7.136333333333331
2008-06-27,29.252533333333336,238.9349861111111,5.236666666666666,4.159,2.372,10.163,16.694,12.558533333333337
2008-06-28,20.146666666666665,239.14238194444445,3.6859722222222224,0.0,2.0,7.932,9.932,10.214666666666664
2008-06-29,12.4892,240.16064583333335,2.3311111111111114,0.955,0.535,3.896,5.386,7.1032
2008-06-30,13.403266666666667,240.37611805555554,2.4791666666666665,0.0,0.521,6.819,7.34,6.063266666666667
2008-07-01,20.254,239.5402916666667,3.74,3.465,0.587,8.39,12.442,7.812000000000001
2008-07-02,19.120033333333332,238.96197916666668,3.569583333333333,0.962,0.65,7.002,8.614,10.506033333333331
2008-07-03,18.305999999999997,239.63549305555554,3.3431944444444444,0.958,2.569,7.41,10.937000000000001,7.368999999999996
2008-07-04,15.700333333333333,240.1796527777778,2.8283333333333336,0.0,0.589,8.302,8.891,6.809333333333333
2008-07-05,24.4848,239.56477083333334,4.386527777777778,1.875,6.754,8.365,16.994,7.4908
2008-07-06,30.084400000000002,240.59022916666666,5.359444444444445,4.258,5.23,7.536,17.024,13.060400000000001
2008-07-07,16.389833333333332,239.63371527777778,2.968611111111111,2.171,0.592,7.149,9.911999999999999,6.477833333333333
2008-07-08,18.770233333333334,239.700625,3.371388888888889,0.991,0.503,7.592,9.086,9.684233333333333
2008-07-09,15.321966666666667,240.3295763888889,2.7752777777777777,0.951,0.499,7.352,8.802,6.519966666666667
2008-07-10,20.8546,239.86775694444444,3.7434722222222225,0.982,0.552,8.186,9.72,11.1346
2008-07-11,20.903599999999997,239.5169097222222,3.782222222222222,0.724,0.558,9.251,10.533,10.370599999999998
2008-07-12,22.147533333333335,240.05927777777777,4.050416666666667,4.436,2.617,7.231,14.283999999999999,7.863533333333336
2008-07-13,20.910566666666668,240.2902638888889,3.7665277777777777,1.671,3.164,7.056,11.891,9.019566666666668
2008-07-14,18.965433333333333,240.4941875,3.431666666666667,2.564,1.995,6.436,10.995000000000001,7.970433333333332
2008-07-15,19.264333333333333,239.78144444444447,3.435694444444444,0.968,0.552,8.585,10.105,9.159333333333333
2008-07-16,17.95103333333333,240.59338194444442,3.2368055555555557,1.537,2.799,4.978,9.314,8.637033333333331
2008-07-17,21.985366666666668,239.91703472222224,4.026666666666666,1.122,0.723,8.28,10.125,11.860366666666668
2008-07-18,21.026400000000002,239.5771875,3.736944444444444,1.143,0.552,9.26,10.955,10.071400000000002
2008-07-19,22.400233333333333,239.15111805555554,4.019722222222222,2.941,3.146,7.676,13.763,8.637233333333333
2008-07-20,15.692233333333332,239.77769444444445,2.836388888888889,1.943,1.076,5.457,8.475999999999999,7.216233333333333
2008-07-21,19.274633333333334,239.10169444444443,3.482083333333333,1.698,0.431,9.189,11.318,7.956633333333334
2008-07-22,12.337366666666666,239.67030555555556,2.272638888888889,0.0,0.43,4.886,5.316,7.021366666666666
2008-07-23,15.7105,240.09611805555554,2.8494444444444444,1.233,0.454,6.325,8.012,7.698499999999999
2008-07-24,18.22416666666667,239.8837638888889,3.2215277777777778,0.837,0.476,8.344,9.657,8.567166666666669
2008-07-25,14.425566666666667,239.0572152777778,2.618333333333333,1.168,0.492,6.731,8.391,6.034566666666667
2008-07-26,13.594733333333332,240.02869444444445,2.4944444444444445,0.0,0.948,6.243,7.191000000000001,6.4037333333333315
2008-07-27,19.123266666666666,238.4711597222222,3.5125,1.063,0.858,8.385,10.306,8.817266666666667
2008-07-28,13.763399999999999,239.99369444444443,2.5743055555555556,0.0,0.509,5.963,6.472,7.2913999999999985
2008-07-29,19.442633333333333,240.24888194444446,3.6408333333333336,1.571,0.53,5.802,7.903,11.539633333333335
2008-07-30,21.665133333333333,239.08559027777778,4.065138888888889,2.548,0.773,6.278,9.599,12.066133333333333
2008-07-31,23.21063333333333,240.09567361111112,4.231805555555556,1.533,2.808,7.588,11.928999999999998,11.281633333333332
2008-08-01,12.326266666666667,239.8054375,2.3279166666666664,0.586,1.15,5.091,6.827,5.499266666666667
2008-08-02,8.4296,239.12872916666666,1.5879166666666666,0.0,0.504,3.803,4.307,4.1226
2008-08-03,8.413033333333333,237.0544375,1.5766666666666667,0.0,0.499,3.926,4.425,3.988033333333333
2008-08-04,18.775016666666666,237.86342361111113,3.416736111111111,0.596,4.677,4.4105,9.683499999999999,9.091516666666667
2008-08-05,13.785300000000001,238.73645833333333,2.5059722222222223,0.635,0.509,7.118,8.262,5.523300000000001
2008-08-06,5.4352,240.56582638888887,1.0904166666666666,0.0,0.513,2.215,2.7279999999999998,2.7072000000000003
2008-08-07,5.5814,239.3123263888889,1.1206944444444444,0.0,0.526,2.357,2.883,2.6984000000000004
2008-08-08,5.036666666666666,239.45654166666665,1.0055555555555555,0.0,0.481,1.98,2.461,2.5756666666666663
2008-08-09,5.982066666666666,240.71045833333332,1.1602777777777777,0.0,0.489,1.902,2.391,3.5910666666666664
2008-08-10,5.8671999999999995,240.2648888888889,1.1225,0.0,0.464,1.905,2.369,3.4981999999999993
2008-08-11,6.1986,240.7183263888889,1.1706944444444445,0.0,0.489,1.88,2.3689999999999998,3.8296
2008-08-12,4.8164,240.04828472222223,0.9534722222222223,0.0,0.462,1.844,2.306,2.5103999999999997
2008-08-13,4.709733333333333,240.87151388888887,0.9315277777777778,0.0,0.451,1.789,2.2399999999999998,2.4697333333333336
2008-08-14,4.5043,241.14088194444443,0.885,0.0,0.441,1.641,2.082,2.4223
2008-08-15,4.5609,241.15816666666666,0.8959722222222223,0.0,0.439,1.691,2.13,2.4309000000000003
2008-08-16,4.580233333333334,242.09534722222222,0.8994444444444445,0.0,0.442,1.688,2.13,2.450233333333334
2008-08-17,4.579933333333333,241.18345138888887,0.8977777777777778,0.0,0.445,1.71,2.155,2.424933333333333
2008-08-18,4.562633333333333,241.35584027777776,0.8943055555555556,0.0,0.44,1.719,2.1590000000000003,2.403633333333333
2008-08-19,4.5782,240.8947361111111,0.9033333333333333,0.0,0.442,1.697,2.1390000000000002,2.4391999999999996
2008-08-20,4.474533333333333,241.54370833333334,0.8833333333333333,0.0,0.437,1.626,2.0629999999999997,2.411533333333333
2008-08-21,4.354966666666667,240.29566666666668,0.8497222222222222,0.0,0.432,1.577,2.009,2.345966666666667
2008-08-22,4.452066666666667,240.88224305555556,0.8720833333333333,0.0,0.438,1.614,2.052,2.400066666666667
2008-08-23,4.244033333333333,242.14265972222222,0.8308333333333334,0.0,0.419,1.485,1.9040000000000001,2.3400333333333334
2008-08-24,4.245266666666667,241.61341666666667,0.8263888888888888,0.0,0.404,1.523,1.927,2.3182666666666667
2008-08-25,4.171633333333333,241.47397222222224,0.8083333333333333,0.0,0.422,1.436,1.8579999999999999,2.3136333333333337
2008-08-26,4.2927333333333335,241.11954861111113,0.8372222222222222,0.0,0.42,1.533,1.9529999999999998,2.3397333333333337
2008-08-27,4.3019,240.57646527777777,0.8331944444444445,0.0,0.399,1.539,1.938,2.3639
2008-08-28,4.470766666666666,240.54265277777776,0.875,0.0,0.432,1.631,2.063,2.407766666666666
2008-08-29,4.4598,240.33545138888888,0.875,0.0,0.43,1.599,2.029,2.4308000000000005
2008-08-30,4.507066666666666,240.51399305555557,0.88625,0.0,0.435,1.619,2.054,2.453066666666666
2008-08-31,25.0405,240.01818402777778,4.452500000000001,2.056,3.733,12.1335,17.9225,7.118000000000002
2008-09-01,20.791833333333333,239.9159097222222,3.7325,0.95,0.521,10.183,11.654,9.137833333333333
2008-09-02,23.069233333333333,239.3289652777778,4.141527777777778,4.273,1.206,6.648,12.126999999999999,10.942233333333334
2008-09-03,23.141433333333335,240.0294583333333,4.118611111111111,1.326,1.902,10.213,13.440999999999999,9.700433333333336
2008-09-04,20.420333333333335,238.66349305555556,3.6547222222222224,2.225,0.404,9.408,12.036999999999999,8.383333333333336
2008-09-05,14.566,239.59059027777778,2.6055555555555556,0.379,0.431,6.943,7.753,6.813000000000001
2008-09-06,31.1429,239.33977777777778,5.524444444444445,2.948,6.5,13.4,22.848,8.294900000000002
2008-09-07,22.877599999999997,240.58868750000002,4.080833333333333,3.612,1.707,5.976,11.295,11.582599999999998
2008-09-08,21.822066666666668,241.3818263888889,3.8533333333333335,0.747,2.293,9.559,12.599,9.223066666666668
2008-09-09,19.327566666666666,239.78166666666664,3.4644444444444447,0.236,0.453,7.728,8.417,10.910566666666666
2008-09-10,21.679399999999998,239.48058333333333,3.8575,1.009,0.399,10.281,11.689,9.990399999999998
2008-09-11,17.145233333333334,239.09980555555555,3.080277777777778,1.005,0.417,7.644,9.066,8.079233333333333
2008-09-12,23.212699999999998,239.9683125,4.144583333333333,1.867,0.402,8.738,11.007,12.205699999999998
2008-09-13,27.1906,240.1245486111111,4.820138888888889,0.93,5.433,11.807,18.17,9.020599999999998
2008-09-14,26.272100000000002,239.8889861111111,4.734999999999999,4.673,0.445,6.538,11.656,14.616100000000001
2008-09-15,28.295133333333336,240.25590972222224,5.071805555555556,0.96,0.364,10.322,11.645999999999999,16.64913333333334
2008-09-16,20.36436666666667,240.94875000000002,3.6193055555555556,0.0,0.368,8.249,8.617,11.747366666666668
2008-09-17,25.32016666666667,240.6566736111111,4.489722222222222,1.91,3.727,9.371,15.008,10.31216666666667
2008-09-18,25.088166666666666,240.3271388888889,4.447361111111111,4.202,0.357,7.991,12.55,12.538166666666665
2008-09-19,25.3141,240.3571111111111,4.47875,1.569,0.351,12.367,14.287,11.027099999999999
2008-09-20,21.743333333333332,240.59411805555558,3.8055555555555554,0.0,0.37,12.477,12.847,8.896333333333333
2008-09-21,25.551166666666667,240.94015972222223,4.560277777777778,4.01,2.381,8.347,14.738,10.813166666666667
2008-09-22,22.642733333333336,240.2091597222222,4.012638888888889,1.014,2.448,10.227,13.689,8.953733333333336
2008-09-23,20.546466666666667,240.18336111111108,3.6841666666666666,0.0,2.168,7.92,10.088000000000001,10.458466666666666
2008-09-24,28.639166666666664,240.1257916666667,5.031666666666667,2.019,4.73,10.548,17.297,11.342166666666664
2008-09-25,18.853666666666665,240.2903263888889,3.34375,1.012,0.751,8.485,10.248,8.605666666666666
2008-09-26,23.8575,240.39362500000001,4.239583333333333,1.221,0.37,10.89,12.481000000000002,11.3765
2008-09-27,35.457433333333334,240.14647916666667,6.258611111111111,4.347,2.584,12.688,19.619,15.838433333333334
2008-09-28,28.851733333333335,240.27841666666666,5.079583333333334,1.92,0.385,11.242,13.547,15.304733333333335
2008-09-29,25.02896666666667,240.26402083333335,4.4094444444444445,1.014,0.363,10.677,12.054,12.974966666666669
2008-09-30,22.916766666666668,240.58377083333335,4.0247222222222225,0.998,0.36,7.415,8.773,14.143766666666668
2008-10-01,31.20606666666667,241.12861111111113,5.482083333333334,2.249,5.8,10.808,18.857,12.349066666666669
2008-10-02,22.42236666666667,240.32824305555553,3.948611111111111,0.0,0.367,9.06,9.427,12.99536666666667
2008-10-03,26.87633333333333,239.84200694444445,4.745694444444444,4.801,0.349,9.432,14.582,12.29433333333333
2008-10-04,35.00826666666667,240.1744027777778,6.144861111111111,3.462,0.629,12.573,16.664,18.34426666666667
2008-10-05,25.8325,240.13754166666666,4.534166666666667,0.99,3.257,6.071,10.318,15.5145
2008-10-06,23.729699999999998,239.1190763888889,4.216388888888889,0.99,0.286,9.562,10.838,12.891699999999998
2008-10-07,28.776133333333334,238.85286805555555,5.166111111111111,1.016,0.419,9.476,10.911000000000001,17.865133333333333
2008-10-08,31.0096,240.0490138888889,5.43125,1.044,5.126,11.65,17.82,13.189599999999999
2008-10-09,33.061366666666665,239.2754236111111,5.812361111111111,1.032,3.064,11.652,15.748,17.313366666666667
2008-10-10,25.305633333333333,239.63485416666666,4.436805555555556,0.0,0.389,12.046,12.434999999999999,12.870633333333334
2008-10-11,27.8231,239.18261805555554,4.905972222222222,2.144,2.335,11.373,15.852,11.9711
2008-10-12,31.799,240.15154166666665,5.615138888888889,2.561,5.822,7.171,15.553999999999998,16.245
2008-10-13,24.366266666666665,240.80942361111113,4.254305555555556,1.037,0.535,9.483,11.055,13.311266666666665
2008-10-14,26.817600000000002,239.21572916666668,4.730138888888889,1.177,0.442,9.939,11.558,15.259600000000002
2008-10-15,35.94826666666667,239.5067916666667,6.328194444444445,1.998,7.042,9.984,19.024,16.924266666666668
2008-10-16,26.39466666666667,239.26284722222223,4.66125,0.951,0.429,8.438,9.818000000000001,16.576666666666668
2008-10-17,31.114766666666664,240.047625,5.475833333333333,2.036,3.187,9.639,14.861999999999998,16.252766666666666
2008-10-18,37.319833333333335,239.83543055555558,6.547083333333333,0.799,1.655,12.146,14.600000000000001,22.719833333333334
2008-10-19,32.865566666666666,240.04254861111113,5.805277777777778,0.698,8.01,4.6,13.308,19.557566666666666
2008-10-20,27.79256666666667,240.43249305555554,4.860277777777778,0.844,2.648,10.475,13.966999999999999,13.82556666666667
2008-10-21,34.395266666666664,239.7306875,6.080833333333333,0.857,2.663,11.331,14.850999999999999,19.544266666666665
2008-10-22,27.4335,240.8157638888889,4.836944444444445,0.662,2.542,8.487,11.690999999999999,15.7425
2008-10-23,30.508233333333333,240.39904166666668,5.374583333333333,0.815,1.435,10.587,12.837,17.671233333333333
2008-10-24,35.55376666666667,240.41369444444442,6.266944444444444,7.893,2.277,10.284,20.454,15.099766666666667
2008-10-25,26.632216666666668,240.8847777777778,4.639722222222222,0.737,0.4585,14.1855,15.381,11.251216666666668
2008-10-26,8.724866666666665,242.12346527777777,1.4991666666666668,0.0,0.36,2.013,2.3729999999999998,6.351866666666666
2008-10-27,8.731533333333335,242.22805555555558,1.5091666666666665,0.0,0.402,1.967,2.369,6.362533333333335
2008-10-28,22.1215,241.32679166666668,3.8531944444444446,2.263,0.362,5.09,7.715,14.406500000000001
2008-10-29,26.876266666666666,241.78959722222223,4.604305555555555,1.037,0.345,4.015,5.396999999999999,21.479266666666668
2008-10-30,18.31,242.08329166666667,3.2733333333333334,0.0,0.345,2.619,2.9640000000000004,15.345999999999998
2008-10-31,21.430533333333337,241.32977083333333,3.7663888888888892,0.0,0.312,10.483,10.795,10.635533333333337
2008-11-01,13.841633333333334,241.8102361111111,2.6256944444444446,0.0,0.344,1.939,2.283,11.558633333333335
2008-11-02,15.1769,242.15574305555558,2.864027777777778,0.0,0.346,2.824,3.17,12.0069
2008-11-03,14.126666666666667,241.76511805555558,2.665,0.963,0.347,1.892,3.202,10.924666666666667
2008-11-04,26.0386,240.80244444444446,4.6523611111111105,0.0,6.214,4.106,10.32,15.718599999999999
2008-11-05,52.24883333333333,239.48077083333334,9.239166666666666,7.597,10.409,8.362,26.368000000000002,25.880833333333328
2008-11-06,26.47396666666667,240.39021527777777,4.726666666666667,1.033,0.43,6.734,8.197,18.27696666666667
2008-11-07,26.9864,239.75178472222223,4.754583333333334,1.032,0.389,10.421,11.841999999999999,15.144400000000001
2008-11-08,28.88563333333333,239.30802777777777,5.104722222222223,1.114,3.271,6.069,10.454,18.43163333333333
2008-11-09,42.975633333333334,238.45406944444443,7.620972222222223,6.301,0.661,14.348,21.310000000000002,21.665633333333332
2008-11-10,35.24056666666667,239.63163194444445,6.218472222222222,1.023,0.355,10.354,11.732,23.508566666666674
2008-11-11,40.9325,239.87869444444445,7.183333333333334,2.475,2.288,14.651,19.414,21.518499999999996
2008-11-12,36.5019,240.38623611111112,6.351388888888889,1.066,2.745,9.43,13.241,23.2609
2008-11-13,20.641000000000002,241.59792361111113,3.627222222222222,0.0,0.338,6.315,6.6530000000000005,13.988000000000001
2008-11-14,27.02896666666667,241.02181944444445,4.7555555555555555,2.092,0.325,9.929,12.346,14.682966666666669
2008-11-15,50.52713333333334,238.63411805555555,8.963194444444444,3.952,3.799,15.635,23.386,27.14113333333334
2008-11-16,39.42386666666666,240.4941388888889,6.919027777777777,4.791,1.829,8.945,15.565000000000001,23.85886666666666
2008-11-17,25.393933333333333,241.13493055555554,4.412083333333333,0.0,0.378,10.59,10.968,14.425933333333333
2008-11-18,29.15083333333333,239.90204166666666,5.141805555555555,1.079,0.369,11.204,12.652000000000001,16.49883333333333
2008-11-19,30.670633333333335,240.53961805555554,5.412916666666667,1.737,3.026,8.704,13.467,17.203633333333336
2008-11-20,28.2056,239.81811805555557,4.984444444444445,1.034,0.347,7.732,9.113,19.0926
2008-11-21,27.898833333333336,239.9283333333333,4.946527777777778,1.039,0.348,10.396,11.783000000000001,16.115833333333335
2008-11-22,28.5228,239.7318125,5.049583333333333,1.093,0.882,8.32,10.295,18.227800000000002
2008-11-23,56.790083333333335,239.15058333333334,10.050416666666667,3.631,8.8295,10.2885,22.749000000000002,34.04108333333333
2008-11-24,53.54996666666667,240.3594861111111,9.285416666666666,1.063,0.51,13.378,14.951,38.59896666666667
2008-11-25,45.0475,240.93060416666668,7.823888888888889,3.01,0.345,10.471,13.826,31.2215
2008-11-26,25.2659,242.40089583333332,4.356388888888889,0.909,0.304,10.002,11.215,14.050899999999999
2008-11-27,39.3703,241.4400138888889,6.841111111111112,2.491,0.33,12.44,15.261,24.1093
2008-11-28,31.43273333333333,243.06651388888892,5.409583333333334,1.113,0.295,11.361,12.769,18.663733333333333
2008-11-29,40.5778,241.24075694444446,7.0536111111111115,5.268,2.392,12.386,20.046,20.531800000000004
2008-11-30,40.023133333333334,242.3745625,6.955555555555556,1.161,3.481,11.474,16.116,23.907133333333334
2008-12-01,26.9423,243.4458402777778,4.758472222222222,1.085,0.309,9.013,10.407,16.5353
2008-12-02,29.890733333333333,243.37936805555555,5.215138888888889,0.0,0.304,11.343,11.647,18.24373333333333
2008-12-03,29.25273333333333,243.38372916666668,5.069583333333333,1.137,0.302,9.664,11.103,18.14973333333333
2008-12-04,28.9773,243.46313888888886,5.02375,1.085,0.281,11.314,12.68,16.2973
2008-12-05,34.3103,242.9759097222222,5.967638888888889,0.831,0.31,9.852,10.993,23.317299999999996
2008-12-06,42.06393333333333,241.13656250000003,7.358333333333333,4.005,5.749,9.048,18.802,23.26193333333333
2008-12-07,41.11233333333333,242.23854166666666,7.157361111111111,3.294,0.31,13.627,17.231,23.88133333333333
2008-12-08,31.143933333333333,243.73161805555557,5.383194444444444,1.117,0.296,13.256,14.669,16.474933333333333
2008-12-09,33.385733333333334,243.5556527777778,5.757638888888889,1.985,2.553,12.886,17.424,15.961733333333335
2008-12-10,37.415499999999994,243.39702777777777,6.443888888888889,1.128,4.144,12.254,17.526,19.889499999999995
2008-12-11,23.875366666666665,243.41836111111112,4.121944444444445,1.16,0.273,7.979,9.411999999999999,14.463366666666666
2008-12-12,30.258899999999997,243.04302083333334,5.221666666666667,1.157,0.255,12.154,13.565999999999999,16.692899999999998
2008-12-13,30.426233333333336,241.5385486111111,5.321805555555556,2.186,0.261,9.271,11.718,18.708233333333336
2008-12-14,33.36866666666666,241.62279861111114,5.8815277777777775,3.742,2.497,5.415,11.654,21.714666666666663
2008-12-15,29.924166666666668,243.0392013888889,5.190972222222222,1.178,0.252,9.668,11.097999999999999,18.82616666666667
2008-12-16,29.9515,243.87990277777777,5.192638888888888,0.0,0.253,11.334,11.587,18.3645
2008-12-17,34.97976666666667,243.3135138888889,6.080277777777778,4.251,0.284,10.813,15.348,19.63176666666667
2008-12-18,28.949,242.8590625,4.989305555555556,1.125,0.258,11.293,12.675999999999998,16.273000000000003
2008-12-19,31.368533333333335,241.8661736111111,5.480138888888889,1.538,0.296,11.773,13.607,17.761533333333336
2008-12-20,37.402699999999996,242.56537152777778,6.500069444444445,1.1335,6.479,12.837,20.4495,16.953199999999995
2008-12-21,44.06016666666667,241.72008333333332,7.662638888888889,1.099,9.189,14.816,25.104,18.956166666666668
2008-12-22,33.5968,241.86449305555556,5.857083333333334,2.157,0.391,10.433,12.981,20.6158
2008-12-23,29.968133333333334,241.77054861111114,5.250694444444444,2.666,2.115,8.326,13.107000000000001,16.861133333333335
2008-12-24,21.160633333333333,243.960625,3.6336111111111107,0.0,0.364,9.981,10.345,10.815633333333333
2008-12-25,17.685299999999998,243.2330625,3.0386111111111114,0.0,0.285,3.598,3.883,13.802299999999999
2008-12-26,20.395533333333333,244.35365972222223,3.5006944444444446,1.121,0.279,7.796,9.196,11.199533333333333
2008-12-27,49.53606666666667,243.31189583333332,8.431805555555554,0.0,0.244,12.209,12.453,37.08306666666667
2008-12-28,26.177366666666668,244.56038194444446,4.42,1.953,0.217,5.291,7.461,18.716366666666666
2008-12-29,9.254633333333334,244.95475694444443,1.5788888888888888,0.0,0.218,2.48,2.698,6.556633333333334
2008-12-30,19.920633333333335,244.63816666666668,3.4018055555555557,0.0,0.245,7.145,7.39,12.530633333333334
2008-12-31,32.736466666666665,243.29661805555557,5.6876388888888885,2.975,0.246,11.86,15.081,17.655466666666666
2009-01-01,23.444866666666666,242.8360625,4.149861111111111,0.765,3.845,2.803,7.413,16.031866666666666
2009-01-02,38.79183333333334,242.7048888888889,6.737777777777778,2.417,6.018,11.841,20.275999999999996,18.51583333333334
2009-01-03,31.8916,243.68145833333332,5.530833333333333,6.44,0.328,10.439,17.207,14.6846
2009-01-04,32.33323333333333,244.82243055555554,5.633194444444444,1.457,5.251,3.245,9.953,22.380233333333333
2009-01-05,26.733333333333334,244.83077777777777,4.6362499999999995,1.247,0.322,8.65,10.219000000000001,16.514333333333333
2009-01-06,28.16436666666667,245.09266666666667,4.834027777777778,0.0,0.254,12.462,12.716,15.44836666666667
2009-01-07,34.6712,246.0406388888889,5.946805555555556,2.687,3.82,9.979,16.485999999999997,18.185200000000002
2009-01-08,27.221166666666665,245.3507361111111,4.720694444444445,2.773,0.299,10.075,13.146999999999998,14.074166666666667
2009-01-09,29.8117,244.62240972222224,5.182083333333333,1.802,0.272,9.285,11.359,18.4527
2009-01-10,35.04913333333333,244.12048611111112,6.088888888888889,2.828,4.288,12.539,19.655,15.394133333333329
2009-01-11,32.93313333333334,245.5315486111111,5.764722222222223,4.521,5.301,5.887,15.709,17.224133333333338
2009-01-12,26.48796666666667,245.52706944444444,4.513888888888889,0.0,0.261,12.147,12.408,14.07996666666667
2009-01-13,36.376666666666665,244.45834027777778,6.254305555555556,1.14,0.329,16.194,17.663,18.713666666666665
2009-01-14,29.692983333333334,244.60247916666668,5.1125,2.2785,0.332,10.3165,12.927,16.765983333333335
2009-01-15,26.0678,243.02127777777778,4.520555555555556,2.731,0.39,9.561,12.682,13.385799999999998
2009-01-16,46.109233333333336,242.56897222222221,8.040555555555555,5.811,3.158,15.22,24.189,21.920233333333336
2009-01-17,55.297000000000004,241.63154166666666,9.578888888888889,2.477,3.154,15.322,20.953,34.34400000000001
2009-01-18,52.5699,242.64408333333333,9.167638888888888,5.649,6.701,12.727,25.076999999999998,27.4929
2009-01-19,28.3311,243.1261736111111,4.924444444444444,1.118,0.376,10.279,11.773,16.5581
2009-01-20,28.967133333333333,243.39985416666664,4.979722222222223,0.0,0.282,13.727,14.009,14.958133333333333
2009-01-21,28.990566666666666,244.10518749999997,4.992916666666667,1.148,2.159,9.83,13.137,15.853566666666666
2009-01-22,20.6226,244.00635416666668,3.5900000000000003,0.0,0.341,8.246,8.587,12.035599999999999
2009-01-23,31.842266666666667,242.76895138888887,5.530833333333333,2.078,0.295,12.146,14.519,17.32326666666667
2009-01-24,36.6795,243.25075694444448,6.391111111111112,5.096,4.492,8.322,17.91,18.769499999999997
2009-01-25,47.394400000000005,242.54399305555555,8.151388888888889,3.971,5.96,11.213,21.144,26.250400000000006
2009-01-26,27.907866666666667,243.20027083333335,4.834444444444444,1.121,0.348,9.821,11.29,16.617866666666668
2009-01-27,23.7505,243.9376041666667,4.167916666666667,0.896,0.278,6.608,7.782,15.968499999999999
2009-01-28,45.36223333333333,243.03222222222223,7.830972222222223,2.301,6.949,14.285,23.535,21.82723333333333
2009-01-29,26.2283,243.36284722222223,4.532638888888889,0.0,0.294,8.996,9.290000000000001,16.938299999999998
2009-01-30,34.3173,244.28983333333332,5.917916666666666,1.622,0.28,12.147,14.049,20.268300000000004
2009-01-31,55.2142,242.47138194444443,9.633194444444444,8.278,6.575,15.309,30.162,25.0522
2009-02-01,30.786166666666666,244.80642361111111,5.3694444444444445,3.33,0.622,7.494,11.446,19.34016666666667
2009-02-02,26.721666666666668,244.8748263888889,4.581111111111111,1.159,0.232,10.915,12.306,14.415666666666668
2009-02-03,31.139833333333335,244.3027222222222,5.3438888888888885,0.703,0.878,14.984,16.565,14.574833333333334
2009-02-04,41.0154,244.68669444444447,7.041388888888889,0.871,6.961,15.96,23.792,17.223399999999998
2009-02-05,27.4848,243.85506249999997,4.7625,1.104,0.264,12.987,14.355,13.1298
2009-02-06,34.13993333333334,243.28893055555557,5.921666666666667,1.165,0.273,11.716,13.154,20.98593333333334
2009-02-07,52.19226666666667,242.05092361111113,9.080972222222222,6.822,4.483,17.873,29.178,23.014266666666668
2009-02-08,36.381099999999996,243.35456944444445,6.329583333333334,5.341,0.259,15.174,20.774,15.607099999999996
2009-02-09,28.443966666666665,243.3219861111111,4.9655555555555555,1.063,0.228,9.375,10.666,17.777966666666664
2009-02-10,32.39703333333333,243.15777083333333,5.5841666666666665,1.128,0.263,12.339,13.73,18.667033333333332
2009-02-11,43.98983333333333,242.09756249999998,7.73125,2.985,10.477,12.195,25.657,18.33283333333333
2009-02-12,32.811,242.91152777777776,5.682638888888889,1.109,0.299,17.724,19.132,13.678999999999998
2009-02-13,28.167033333333332,241.69333333333336,4.891805555555555,1.1,0.254,11.554,12.908000000000001,15.259033333333331
2009-02-14,38.92193333333333,241.9453472222222,6.728194444444445,2.28,3.256,18.543,24.079,14.842933333333328
2009-02-15,26.433866666666667,242.8439375,4.501388888888889,2.465,0.226,5.234,7.925,18.508866666666666
2009-02-16,21.98323333333333,242.14300694444444,3.8281944444444447,0.0,0.261,7.037,7.298,14.685233333333331
2009-02-17,13.2463,242.26856249999997,2.303888888888889,0.0,0.278,3.925,4.202999999999999,9.0433
2009-02-18,13.774166666666668,242.23109722222225,2.3558333333333334,0.0,0.297,5.471,5.768,8.006166666666669
2009-02-19,12.2878,241.54959027777775,2.111527777777778,1.046,0.262,1.796,3.104,9.183800000000002
2009-02-20,31.3456,240.19070833333333,5.535,2.897,0.293,8.768,11.958,19.3876
2009-02-21,21.9364,240.9543402777778,3.806666666666667,2.111,0.262,3.983,6.356,15.5804
2009-02-22,37.307966666666665,241.31630555555554,6.534722222222222,3.816,8.576,7.133,19.525,17.782966666666667
2009-02-23,45.56093333333333,241.24088194444445,7.873055555555556,1.212,3.744,12.471,17.427,28.13393333333333
2009-02-24,29.719066666666667,240.8879236111111,5.167638888888889,0.0,1.602,14.512,16.114,13.605066666666666
2009-02-25,19.497400000000003,241.2019652777778,3.4125,1.092,0.274,7.359,8.725,10.772400000000003
2009-02-26,19.280866666666668,240.73236805555555,3.3630555555555555,0.0,0.268,6.841,7.109,12.171866666666668
2009-02-27,33.8153,240.96568750000003,5.903472222222222,1.154,0.246,14.831,16.230999999999998,17.584300000000002
2009-02-28,27.179166666666667,242.3972777777778,4.834305555555555,1.145,5.358,8.006,14.509,12.670166666666667
2009-03-01,41.20868333333333,242.14014236111112,7.230555555555555,11.224,2.7405,8.852,22.8165,18.39218333333333
2009-03-02,24.624033333333333,242.24184722222222,4.401111111111112,1.56,0.31,6.684,8.554,16.070033333333335
2009-03-03,30.81586666666667,242.89735416666667,5.347083333333334,1.159,0.268,13.024,14.450999999999999,16.36486666666667
2009-03-04,30.702166666666667,242.3844861111111,5.397222222222222,2.214,2.57,8.393,13.177,17.525166666666667
2009-03-05,24.030199999999997,241.67960416666668,4.253333333333334,0.0,0.271,9.094,9.365,14.665199999999997
2009-03-06,29.724566666666664,240.79331249999998,5.2636111111111115,1.144,0.265,12.056,13.465,16.259566666666665
2009-03-07,28.27443333333333,242.47164583333333,4.935972222222222,1.055,0.811,12.113,13.979,14.295433333333332
2009-03-08,39.286100000000005,242.15979166666665,6.881805555555555,7.253,5.26,12.691,25.204,14.082100000000004
2009-03-09,28.0926,242.48230555555557,4.904444444444445,2.001,0.369,10.336,12.706,15.386600000000001
2009-03-10,30.6035,241.8284375,5.340694444444445,0.0,0.281,11.61,11.891,18.7125
2009-03-11,40.0984,241.8211736111111,7.027638888888888,3.476,7.288,10.737,21.500999999999998,18.5974
2009-03-12,31.454333333333334,241.9984236111111,5.457916666666667,0.0,0.364,13.655,14.019,17.435333333333332
2009-03-13,24.092,242.75730555555558,4.171388888888889,1.082,0.311,10.466,11.859,12.232999999999999
2009-03-14,35.81713333333333,242.17880555555556,6.186111111111111,2.196,0.28,18.036,20.512,15.30513333333333
2009-03-15,32.3677,241.77111111111114,5.69625,3.478,5.152,8.353,16.983,15.384699999999999
2009-03-16,22.302083333333332,242.4094548611111,3.855208333333333,0.0,0.306,9.291,9.597,12.705083333333333
2009-03-17,32.1985,241.95642361111112,5.649305555555555,1.11,3.952,12.32,17.382,14.816500000000001
2009-03-18,24.178,242.84061805555555,4.181111111111111,1.123,0.375,12.101,13.599,10.579
2009-03-19,19.858866666666664,242.7762777777778,3.4248611111111114,0.0,0.314,9.458,9.772,10.086866666666664
2009-03-20,24.398433333333333,242.9164861111111,4.217777777777778,1.083,0.308,10.618,12.009,12.389433333333333
2009-03-21,32.16703333333333,242.58272222222223,5.671805555555555,5.42,0.682,10.266,16.368000000000002,15.799033333333327
2009-03-22,28.152833333333334,241.52761111111113,4.950555555555556,2.017,3.778,9.015,14.81,13.342833333333333
2009-03-23,21.6075,242.05365277777778,3.7894444444444444,1.078,0.31,5.999,7.387,14.220500000000001
2009-03-24,27.6952,242.4840972222222,4.8943055555555555,1.71,0.352,10.149,12.210999999999999,15.484200000000001
2009-03-25,30.646233333333335,243.1130625,5.353055555555556,2.78,3.315,10.287,16.382,14.264233333333333
2009-03-26,20.1834,242.93575694444445,3.5016666666666665,0.0,0.312,8.596,8.908,11.2754
2009-03-27,28.56543333333333,242.62864583333334,5.015138888888889,1.103,0.526,9.947,11.575999999999999,16.98943333333333
2009-03-28,37.68293333333334,242.13561805555554,6.603333333333333,4.527,0.327,12.225,17.079,20.603933333333337
2009-03-29,36.94416666666667,242.54856944444444,6.418333333333333,1.611,4.024,9.502,15.137,21.807166666666667
2009-03-30,24.6242,242.72852083333333,4.304722222222223,1.085,0.295,9.901,11.280999999999999,13.3432
2009-03-31,30.391366666666666,242.16790277777778,5.309027777777778,2.202,2.711,12.958,17.871000000000002,12.520366666666664
2009-04-01,27.352333333333334,242.90603472222222,4.807916666666666,2.807,2.364,7.309,12.48,14.872333333333334
2009-04-02,27.40556666666667,242.2396388888889,4.761388888888889,1.128,0.324,13.5,14.952,12.453566666666669
2009-04-03,22.721,241.8118888888889,3.982916666666666,0.0,0.326,8.556,8.882,13.839
2009-04-04,36.52053333333333,241.45065277777778,6.396527777777778,2.699,4.172,16.251,23.122,13.398533333333333
2009-04-05,22.9286,242.31370833333332,4.112083333333333,3.832,0.357,6.503,10.692,12.2366
2009-04-06,24.21056666666667,242.30114583333335,4.225555555555555,0.799,0.333,10.141,11.273,12.937566666666669
2009-04-07,24.001533333333334,241.98941666666667,4.23125,1.103,0.338,9.121,10.562000000000001,13.439533333333333
2009-04-08,25.576666666666664,242.25972916666666,4.527916666666666,2.131,2.827,7.968,12.926,12.650666666666664
2009-04-09,31.507866666666665,242.2968263888889,5.464583333333334,2.682,0.366,13.482,16.53,14.977866666666664
2009-04-10,30.701900000000002,242.0344861111111,5.329166666666667,2.057,2.822,13.828,18.707,11.994900000000001
2009-04-11,41.04076666666666,240.96925694444442,7.175277777777778,3.661,4.286,18.233,26.18,14.860766666666663
2009-04-12,35.68353333333334,240.4032986111111,6.332777777777778,7.498,1.504,12.47,21.472,14.211533333333335
2009-04-13,26.664066666666667,241.13211805555557,4.735138888888889,1.006,5.648,6.209,12.863,13.801066666666667
2009-04-14,25.025633333333335,241.4923263888889,4.435,0.888,2.341,9.478,12.707,12.318633333333334
2009-04-15,20.267699999999998,241.32070833333333,3.6109722222222222,1.88,0.463,5.278,7.6209999999999996,12.6467
2009-04-16,26.0754,240.47604166666667,4.6241666666666665,2.896,0.397,9.809,13.102,12.973399999999998
2009-04-17,34.04683333333333,241.32772916666667,5.966944444444445,0.0,5.224,7.655,12.879000000000001,21.16783333333333
2009-04-18,25.204433333333334,241.04625,4.428055555555555,1.028,2.613,10.699,14.34,10.864433333333334
2009-04-19,21.441133333333333,242.6585347222222,3.7484722222222224,2.201,0.376,8.088,10.665,10.776133333333334
2009-04-20,24.775166666666667,241.90455555555556,4.333333333333333,0.0,2.644,10.476,13.120000000000001,11.655166666666666
2009-04-21,31.576633333333334,240.64846527777777,5.535277777777778,1.925,0.375,7.38,9.68,21.896633333333334
2009-04-22,24.936633333333337,241.27485416666664,4.372777777777778,1.024,1.203,13.265,15.492,9.444633333333336
2009-04-23,19.024333333333335,241.49463888888891,3.402222222222222,1.068,0.395,5.511,6.974,12.050333333333334
2009-04-24,19.9008,241.7900833333333,3.529861111111111,0.0,0.383,9.677,10.059999999999999,9.840800000000002
2009-04-25,33.70473333333334,240.50833333333333,5.936111111111111,2.007,3.901,13.225,19.133,14.571733333333338
2009-04-26,29.693766666666665,241.8649236111111,5.242083333333333,3.053,3.017,10.561,16.631,13.062766666666665
2009-04-27,22.52713333333333,241.0012291666667,4.004166666666666,0.995,0.376,7.021,8.392,14.135133333333332
2009-04-28,28.439766666666667,241.990125,5.059027777777778,2.068,0.371,11.469,13.908,14.531766666666668
2009-04-29,27.744666666666667,242.18654166666667,4.858472222222222,1.043,2.492,9.372,12.907,14.837666666666667
2009-04-30,30.579366666666665,241.90433333333334,5.323888888888889,1.027,0.363,15.305,16.695,13.884366666666665
2009-05-01,25.213366666666666,241.27309027777778,4.424166666666666,1.067,1.052,11.709,13.828,11.385366666666666
2009-05-02,23.231833333333334,241.8829027777778,4.077500000000001,1.43,0.374,9.76,11.564,11.667833333333334
2009-05-03,26.814633333333333,242.06633333333335,4.7619444444444445,3.207,2.593,7.226,13.026,13.788633333333333
2009-05-04,27.798033333333333,241.43522916666666,4.841388888888889,1.007,0.411,11.374,12.792,15.006033333333333
2009-05-05,28.857899999999997,240.81849305555556,5.057222222222222,1.049,5.539,10.166,16.753999999999998,12.1039
2009-05-06,22.498366666666666,240.8967152777778,3.969722222222222,1.038,1.797,9.058,11.893,10.605366666666665
2009-05-07,16.877466666666667,241.1735138888889,2.972777777777778,0.0,0.374,7.992,8.366,8.511466666666667
2009-05-08,30.9526,240.82481249999998,5.417777777777778,2.226,0.848,15.426,18.5,12.4526
2009-05-09,21.022533333333335,241.57422916666667,3.7644444444444445,2.09,0.382,6.605,9.077,11.945533333333335
2009-05-10,32.7982,241.07,5.843888888888889,4.3,6.67,8.696,19.665999999999997,13.132200000000005
2009-05-11,25.286266666666666,240.25132638888888,4.4309722222222225,1.035,0.457,11.009,12.501000000000001,12.785266666666665
2009-05-12,27.099266666666665,240.3767777777778,4.768888888888889,0.0,2.713,11.335,14.048000000000002,13.051266666666663
2009-05-13,20.7733,240.63597916666666,3.7073611111111116,1.419,0.553,7.127,9.099,11.674299999999999
2009-05-14,26.783066666666667,240.05952083333335,4.805694444444445,0.0,4.065,11.499,15.564,11.219066666666667
2009-05-15,23.70376666666667,240.95720138888888,4.182777777777778,1.382,0.494,12.195,14.071,9.63276666666667
2009-05-16,33.4563,239.98875694444445,5.885416666666667,1.705,4.82,12.265,18.79,14.6663
2009-05-17,25.7294,240.30072916666666,4.605416666666667,2.555,1.926,7.168,11.649000000000001,14.080399999999997
2009-05-18,20.1651,240.9586736111111,3.518194444444444,0.763,0.374,8.971,10.108,10.057099999999998
2009-05-19,26.955733333333335,240.9929375,4.701527777777778,3.253,0.792,10.981,15.026,11.929733333333335
2009-05-20,21.786033333333332,241.31970833333332,3.8394444444444447,1.061,1.889,9.47,12.420000000000002,9.36603333333333
2009-05-21,26.2525,241.01910416666666,4.608472222222222,1.553,1.278,12.563,15.394,10.858500000000001
2009-05-22,17.913433333333334,241.9665347222222,3.200972222222222,0.982,1.207,8.078,10.267,7.646433333333334
2009-05-23,25.509966666666667,240.56841666666668,4.4944444444444445,0.48,1.844,12.579,14.903,10.606966666666667
2009-05-24,21.4631,242.01796527777776,3.7705555555555557,0.045,0.446,10.256,10.747,10.7161
2009-05-25,22.568266666666666,238.4309027777778,4.001805555555555,0.92,0.966,9.93,11.815999999999999,10.752266666666667
2009-05-26,22.316216666666666,231.79023263888888,4.040208333333333,1.191,0.8645,10.1,12.1555,10.160716666666666
2009-05-27,25.7382,231.14297222222223,4.673472222222222,1.052,2.355,11.076,14.483,11.255199999999999
2009-05-28,19.662266666666667,233.70236111111112,3.512916666666667,1.502,0.421,9.049,10.972,8.690266666666668
2009-05-29,20.7141,241.55870138888892,3.633472222222222,1.005,0.434,10.112,11.551,9.163099999999998
2009-05-30,27.651766666666667,241.1634097222222,4.9030555555555555,2.787,1.707,11.557,16.051000000000002,11.600766666666665
2009-05-31,15.948166666666667,241.45614583333332,2.8866666666666667,1.466,0.458,5.72,7.644,8.304166666666667
2009-06-01,24.054333333333332,241.334125,4.31125,2.789,0.461,11.361,14.611,9.443333333333332
2009-06-02,18.1773,241.6302986111111,3.367777777777778,0.0,0.506,7.892,8.398,9.7793
2009-06-03,22.60963333333333,240.40592361111112,4.076666666666666,0.94,1.37,11.577,13.887,8.72263333333333
2009-06-04,17.261000000000003,240.0102013888889,3.083472222222222,1.906,0.455,6.905,9.266,7.995000000000003
2009-06-05,20.505999999999997,239.86320833333335,3.65,0.0,0.456,12.515,12.971,7.534999999999997
2009-06-06,24.590833333333332,240.58184027777776,4.414305555555556,1.769,2.732,10.611,15.112000000000002,9.47883333333333
2009-06-07,20.1232,241.01856249999997,3.628888888888889,2.077,1.641,6.034,9.751999999999999,10.371200000000002
2009-06-08,19.64626666666667,240.0647291666667,3.5420833333333337,1.024,0.432,8.551,10.007,9.63926666666667
2009-06-09,22.214166666666664,240.9235138888889,3.957777777777778,1.0,0.414,10.695,12.109,10.105166666666664
2009-06-10,26.716600000000003,240.7160833333333,4.733888888888889,1.032,4.745,9.889,15.666,11.050600000000003
2009-06-11,21.677500000000002,241.17605555555556,3.8533333333333335,0.0,0.472,10.61,11.081999999999999,10.595500000000003
2009-06-12,18.362199999999998,240.9373402777778,3.265972222222222,1.009,0.46,7.137,8.606,9.756199999999998
2009-06-13,17.3641092861464,240.84930956342004,3.000689655172414,0.0,1.114106170598911,8.710451905626135,9.824558076225046,7.539551209921356
2009-06-14,36.33982577132486,239.54402903811254,6.297701149425287,0.0,0.5120145190562614,23.711651542649726,24.223666061705988,12.116159709618874
2009-06-15,28.307414942528734,240.06123778735633,4.992442528735632,0.916,0.37937931034482764,16.283896551724137,17.579275862068965,10.72813908045977
2009-06-16,25.14653333333333,240.83118055555556,4.484861111111111,2.983,1.221,13.691,17.895000000000003,7.251533333333327
2009-06-17,16.466933333333333,241.29550694444447,2.958888888888889,0.975,0.611,7.193,8.779,7.6879333333333335
2009-06-18,19.428333333333335,241.2962222222222,3.4075,0.0,0.461,11.223,11.684000000000001,7.7443333333333335
2009-06-19,18.114433333333334,241.31758333333335,3.208472222222222,0.969,0.475,7.737,9.181000000000001,8.933433333333333
2009-06-20,18.451666666666664,241.48458333333332,3.2494444444444444,0.0,2.657,9.159,11.816,6.635666666666664
2009-06-21,14.252366666666667,241.28675694444445,2.5322222222222224,1.039,0.412,6.002,7.452999999999999,6.799366666666668
2009-06-22,18.234966666666665,241.20229166666667,3.2180555555555554,0.0,0.449,11.148,11.597,6.6379666666666655
2009-06-23,17.32023333333333,241.21326388888886,3.0751388888888886,1.01,1.261,8.186,10.457,6.86323333333333
2009-06-24,25.581233333333333,240.53718055555555,4.516111111111111,3.059,1.239,14.275,18.573,7.008233333333333
2009-06-25,12.856033333333333,241.17795138888889,2.313888888888889,0.0,0.495,6.224,6.719,6.137033333333332
2009-06-26,21.2887,240.54077083333334,3.8409722222222222,1.826,0.538,9.952,12.315999999999999,8.9727
2009-06-27,28.484199999999998,241.81414583333333,5.028194444444445,2.663,2.432,13.468,18.563,9.921199999999999
2009-06-28,17.656566666666667,241.83843055555556,3.2090277777777776,0.0,1.421,6.742,8.163,9.493566666666666
2009-06-29,16.83556666666667,241.89382638888887,3.026388888888889,1.794,0.598,6.462,8.854,7.981566666666669
2009-06-30,19.8741,241.94360416666666,3.6422222222222222,0.582,1.034,8.989,10.605,9.269099999999998
2009-07-01,20.3057,241.80929861111113,3.6469444444444448,0.989,0.59,9.747,11.326,8.979700000000001
2009-07-02,20.709633333333333,241.96674305555555,3.7150000000000003,0.637,0.603,8.032,9.272,11.437633333333332
2009-07-03,14.402466666666667,241.92334722222222,2.6351388888888887,0.856,0.642,7.371,8.869,5.533466666666667
2009-07-04,20.6428,241.14746527777777,3.8441666666666667,2.084,2.329,6.791,11.204,9.4388
2009-07-05,23.51226666666667,241.4445763888889,4.310277777777778,3.215,1.438,8.014,12.666999999999998,10.84526666666667
2009-07-06,15.904333333333334,241.76347222222225,2.9018055555555557,0.429,0.755,7.142,8.326,7.578333333333333
2009-07-07,18.502266666666667,241.64100694444443,3.4037499999999996,1.292,3.619,5.704,10.615,7.887266666666667
2009-07-08,20.573333333333334,241.60375000000002,3.6909722222222223,0.0,3.514,9.308,12.822,7.751333333333335
2009-07-09,14.104199999999999,242.59112499999998,2.6118055555555557,0.0,0.656,4.783,5.439,8.665199999999999
2009-07-10,19.878766666666664,242.24482638888887,3.527083333333333,0.988,2.624,7.494,11.106,8.772766666666664
2009-07-11,16.566133333333333,242.21479166666666,3.018194444444444,0.981,0.683,7.756,9.42,7.146133333333333
2009-07-12,8.557966666666665,242.3049375,1.6009722222222222,0.0,0.589,4.06,4.648999999999999,3.9089666666666663
2009-07-13,8.2791,242.5475138888889,1.5625,0.0,0.594,3.881,4.475,3.8041
2009-07-14,15.190499999999998,242.2053888888889,2.8152777777777778,2.303,0.618,6.155,9.076,6.114499999999998
2009-07-15,11.967899999999998,241.92689583333333,2.1675,0.878,0.932,5.82,7.630000000000001,4.337899999999998
2009-07-16,9.992566666666667,242.11697916666668,1.876111111111111,0.0,1.724,3.902,5.626,4.3665666666666665
2009-07-17,12.1968,241.59461805555554,2.1952777777777777,0.0,0.626,6.67,7.296,4.900799999999999
2009-07-18,16.106833333333334,242.00627777777777,2.884861111111111,0.0,0.663,5.389,6.0520000000000005,10.054833333333335
2009-07-19,20.060733333333335,242.04660416666667,3.5258333333333334,0.0,0.598,5.058,5.656,14.404733333333336
2009-07-20,11.041433333333334,241.84186111111114,2.0479166666666666,0.914,0.784,4.948,6.646000000000001,4.395433333333333
2009-07-21,13.562700000000001,242.522875,2.5005555555555556,0.0,0.981,7.795,8.776,4.7867000000000015
2009-07-22,12.325533333333334,242.07941666666665,2.2625,0.0,0.681,3.965,4.646,7.679533333333334
2009-07-23,17.166666666666668,241.94331944444446,3.0527777777777776,0.926,0.622,9.064,10.612,6.554666666666668
2009-07-24,9.362300000000001,241.7508263888889,1.756527777777778,0.0,0.63,4.128,4.758,4.604300000000001
2009-07-25,8.944799999999999,242.09706944444446,1.6822222222222223,0.0,0.577,3.716,4.293,4.651799999999999
2009-07-26,9.050266666666666,242.65740277777775,1.7173611111111111,0.0,1.019,3.799,4.818,4.232266666666666
2009-07-27,11.4761,242.52809027777778,2.1820833333333334,0.0,2.062,5.202,7.263999999999999,4.212100000000001
2009-07-28,15.047500000000001,242.22140972222223,2.7680555555555557,0.0,4.899,4.353,9.251999999999999,5.795500000000002
2009-07-29,15.033333333333333,241.50047222222221,2.711388888888889,0.869,0.749,7.549,9.167,5.866333333333333
2009-07-30,13.205433333333334,242.4390138888889,2.4106944444444447,0.0,2.304,4.04,6.343999999999999,6.861433333333334
2009-07-31,16.263833333333334,241.87106250000002,3.002222222222222,0.865,3.423,6.302,10.59,5.673833333333334
2009-08-01,11.782766666666667,241.50300694444445,2.207361111111111,0.0,0.844,6.248,7.0920000000000005,4.690766666666667
2009-08-02,8.162066666666666,240.94159722222224,1.5684722222222223,0.0,0.637,3.539,4.176,3.986066666666666
2009-08-03,8.3383,241.92006944444447,1.5655555555555556,0.0,0.605,3.811,4.416,3.9223
2009-08-04,8.481533333333333,242.27648611111113,1.6094444444444445,0.0,0.607,3.871,4.478,4.003533333333333
2009-08-05,8.644200000000001,242.30757638888886,1.6444444444444444,0.0,0.62,4.042,4.662,3.9822000000000015
2009-08-06,8.877866666666668,241.22875000000002,1.677361111111111,0.0,0.659,4.193,4.851999999999999,4.025866666666668
2009-08-07,8.988266666666668,241.3577986111111,1.6958333333333333,0.0,0.668,4.232,4.9,4.088266666666668
2009-08-08,8.774533333333332,241.72709722222223,1.6597222222222223,0.0,0.646,4.093,4.739,4.0355333333333325
2009-08-09,16.637233333333334,242.04941666666664,3.057222222222222,1.984,2.38,5.154,9.518,7.119233333333334
2009-08-10,17.822633333333332,241.02849999999998,3.277083333333333,0.0,3.719,6.012,9.731,8.091633333333332
2009-08-11,15.849233333333332,241.84149305555556,2.94875,0.857,1.467,6.577,8.901,6.948233333333333
2009-08-12,13.7406,241.80827777777776,2.5543055555555556,0.912,0.689,4.991,6.592,7.148600000000001
2009-08-13,13.722583333333334,241.6538125,2.5038194444444444,1.215,3.702,2.1545,7.0715,6.651083333333334
2009-08-14,12.477933333333334,241.1795763888889,2.2831944444444447,0.429,0.85,4.647,5.926,6.551933333333334
2009-08-15,25.234366666666666,240.8963472222222,4.605833333333333,3.437,1.852,8.922,14.211,11.023366666666666
2009-08-16,20.2952,240.52084722222224,3.7944444444444443,1.604,1.094,5.691,8.389,11.906200000000002
2009-08-17,13.098466666666667,241.22044444444444,2.4170833333333333,0.001,0.813,6.261,7.075,6.023466666666667
2009-08-18,18.009966666666667,240.8264861111111,3.2581944444444444,2.306,1.44,6.324,10.07,7.939966666666667
2009-08-19,14.679033333333333,241.54156944444443,2.7259722222222225,0.896,0.812,6.044,7.752,6.927033333333333
2009-08-20,12.9287,241.08561805555553,2.4233333333333333,0.0,0.883,6.138,7.021,5.907699999999999
2009-08-21,19.362433333333335,240.61175694444444,3.5033333333333334,3.043,0.887,7.527,11.457,7.905433333333335
2009-08-22,25.8123,241.1232361111111,4.760694444444444,4.544,3.203,8.549,16.296,9.516300000000001
2009-08-23,17.778466666666667,241.55547222222222,3.330416666666667,0.949,0.819,6.994,8.762,9.016466666666666
2009-08-24,20.8709,241.06553472222222,3.7718055555555554,2.279,0.737,8.247,11.263,9.607899999999999
2009-08-25,15.726833333333333,241.50986111111112,2.889166666666666,1.14,0.755,6.291,8.186,7.5408333333333335
2009-08-26,18.942433333333334,241.77745833333333,3.4327777777777775,2.131,1.516,7.86,11.507,7.435433333333334
2009-08-27,12.4911,241.638125,2.317638888888889,0.0,0.664,4.283,4.947,7.544099999999999
2009-08-28,18.647366666666667,240.8744375,3.3722222222222222,1.778,1.125,7.485,10.388,8.259366666666667
2009-08-29,23.140233333333335,240.97532638888887,4.183472222222222,0.905,1.483,11.707,14.095,9.045233333333334
2009-08-30,27.8057,241.08125694444445,4.980277777777778,2.653,1.363,10.648,14.664,13.141700000000002
2009-08-31,21.092033333333333,238.7429027777778,3.822361111111111,0.96,0.678,9.974,11.612,9.480033333333333
2009-09-01,16.342266666666667,241.22110416666666,2.9940277777777777,0.0,0.697,6.073,6.7700000000000005,9.572266666666668
2009-09-02,20.380233333333333,241.81777083333336,3.6381944444444443,0.947,0.659,9.921,11.527,8.853233333333334
2009-09-03,20.853133333333336,241.33006944444443,3.762083333333333,3.319,3.099,5.011,11.429,9.424133333333335
2009-09-04,17.07313333333333,242.01287499999998,3.05625,0.0,0.636,8.095,8.731,8.342133333333331
2009-09-05,25.2311,240.86027777777778,4.530833333333333,2.988,2.248,10.433,15.669,9.562100000000001
2009-09-06,20.47716666666667,241.86031944444443,3.665138888888889,0.995,0.588,9.031,10.614,9.863166666666668
2009-09-07,20.357633333333336,241.71161805555553,3.6395833333333334,2.196,0.577,8.299,11.072,9.285633333333337
2009-09-08,18.104233333333333,241.35160416666668,3.2243055555555555,1.002,0.577,8.533,10.112,7.992233333333333
2009-09-09,25.355733333333333,241.30850694444445,4.49125,0.964,3.832,10.671,15.466999999999999,9.888733333333334
2009-09-10,18.539233333333335,241.2289513888889,3.3091666666666666,0.928,0.6,6.508,8.036,10.503233333333336
2009-09-11,20.235766666666667,241.14999305555554,3.565555555555555,0.0,0.631,11.693,12.324,7.911766666666667
2009-09-12,34.40596666666667,240.70704861111113,6.1425,9.583,1.202,12.601,23.386000000000003,11.019966666666669
2009-09-13,26.1938,240.24939583333332,4.688680555555555,4.146,0.612,10.1885,14.9465,11.2473
2009-09-14,26.247633333333333,241.47695833333333,4.6575,2.843,0.603,9.091,12.536999999999999,13.710633333333334
2009-09-15,24.2801,240.99238194444447,4.285,1.769,0.56,8.644,10.972999999999999,13.307100000000002
2009-09-16,29.0527,240.23129166666666,5.1497222222222225,1.035,3.47,13.384,17.889,11.163700000000002
2009-09-17,20.39043333333333,241.3606527777778,3.610833333333334,0.0,0.563,9.71,10.273000000000001,10.117433333333329
2009-09-18,22.900533333333332,241.09920138888887,4.038611111111111,1.993,0.652,9.151,11.796,11.104533333333332
2009-09-19,35.595166666666664,240.35401388888891,6.259444444444445,1.607,4.05,14.845,20.502000000000002,15.093166666666662
2009-09-20,33.922133333333335,241.29544444444446,6.024027777777778,4.532,2.466,11.935,18.933,14.989133333333335
2009-09-21,23.63113333333333,241.2526875,4.20125,0.921,0.604,10.844,12.369,11.262133333333331
2009-09-22,20.7756,241.18202777777776,3.6991666666666667,0.937,0.597,8.502,10.036000000000001,10.7396
2009-09-23,27.276833333333332,240.74660416666666,4.824722222222222,2.085,0.978,12.884,15.947,11.329833333333333
2009-09-24,23.770966666666666,240.38723611111112,4.234999999999999,1.051,0.621,10.374,12.046000000000001,11.724966666666665
2009-09-25,19.350266666666666,241.42292361111112,3.4836111111111108,0.0,0.594,9.694,10.288,9.062266666666666
2009-09-26,25.937566666666665,241.17850694444445,4.585277777777778,1.943,0.571,14.581,17.095,8.842566666666666
2009-09-27,23.507866666666665,241.22180555555556,4.200555555555556,1.817,4.571,8.554,14.942,8.565866666666665
2009-09-28,21.6576,241.72634027777778,3.795416666666666,0.0,0.603,10.797,11.4,10.257599999999998
2009-09-29,19.10663333333333,240.8973472222222,3.3938888888888887,1.031,0.603,7.322,8.956,10.150633333333332
2009-09-30,29.6078,240.75757638888888,5.235972222222222,0.97,8.08,9.243,18.293,11.314800000000002
2009-10-01,21.4542,241.52952083333335,3.7866666666666666,0.95,0.602,9.433,10.985,10.4692
2009-10-02,19.211133333333333,240.75888194444443,3.386111111111111,0.0,0.57,10.142,10.712,8.499133333333333
2009-10-03,28.612333333333332,240.63635416666665,5.050416666666667,3.644,0.92,14.48,19.044,9.568333333333332
2009-10-04,27.018433333333334,240.6988611111111,4.815138888888889,3.189,3.499,8.98,15.668000000000001,11.350433333333333
2009-10-05,21.258699999999997,241.22052083333332,3.698611111111111,0.984,0.542,7.983,9.509,11.749699999999997
2009-10-06,23.807466666666667,241.18004861111112,4.170972222222222,0.001,0.543,8.806,9.35,14.457466666666667
2009-10-07,30.3639,241.2119583333333,5.339027777777778,0.734,4.334,9.908,14.975999999999999,15.387900000000002
2009-10-08,26.286099999999998,241.06977777777777,4.583888888888889,2.091,0.619,11.568,14.277999999999999,12.008099999999999
2009-10-09,22.531033333333333,240.81015277777777,3.953611111111111,0.0,0.559,10.718,11.277,11.254033333333334
2009-10-10,33.54593333333334,239.76139583333332,5.927222222222222,4.51,0.57,14.811,19.891,13.65493333333334
2009-10-11,32.31451666666667,240.6491597222222,5.744861111111112,4.111,6.454,8.6485,19.2135,13.10101666666667
2009-10-12,22.526733333333333,240.22382638888888,3.968611111111111,0.997,0.515,9.42,10.932,11.594733333333332
2009-10-13,24.151666666666664,240.24728472222225,4.249722222222222,0.983,0.53,9.53,11.043,13.108666666666664
2009-10-14,28.5204,239.7594652777778,5.004583333333334,2.001,3.131,10.013,15.145,13.375399999999999
2009-10-15,24.832933333333333,241.12213194444445,4.324305555555555,1.629,0.463,9.641,11.733,13.099933333333333
2009-10-16,25.281,240.24599999999998,4.415138888888889,0.0,0.482,11.136,11.617999999999999,13.663
2009-10-17,45.70133333333333,238.8905625,8.045555555555556,5.49,4.364,18.326,28.18,17.52133333333333
2009-10-18,25.936066666666665,240.7508402777778,4.500555555555556,0.712,0.499,11.144,12.355,13.581066666666665
2009-10-19,22.818466666666666,242.26024305555555,3.9530555555555553,1.104,0.457,8.227,9.788,13.030466666666666
2009-10-20,28.713466666666665,242.52750694444444,4.975,0.76,0.45,11.005,12.215,16.498466666666666
2009-10-21,32.8251,242.30701388888886,5.713333333333334,2.031,5.916,8.569,16.516000000000002,16.309099999999997
2009-10-22,23.328500000000002,242.4139583333333,4.042361111111111,0.0,0.492,11.074,11.565999999999999,11.762500000000003
2009-10-23,29.290833333333335,241.09628472222224,5.144861111111111,3.18,0.495,11.696,15.371,13.919833333333335
2009-10-24,43.57346666666667,239.8931875,7.658472222222223,6.202,0.518,15.941,22.661,20.912466666666667
2009-10-25,40.10893333333333,239.92554861111108,7.070277777777778,3.01,6.181,13.691,22.881999999999998,17.226933333333335
2009-10-26,18.539066666666667,241.53043055555557,3.2391666666666663,0.475,0.468,5.788,6.731,11.808066666666667
2009-10-27,18.6126,241.2427638888889,3.27,0.579,0.449,8.367,9.395000000000001,9.2176
2009-10-28,21.145133333333334,241.40815277777776,3.6894444444444447,1.044,0.463,9.318,10.825,10.320133333333334
2009-10-29,33.024,240.3468611111111,5.853333333333333,0.765,4.125,5.677,10.567,22.457
2009-10-30,24.8893,241.48033333333333,4.352083333333334,1.779,2.005,8.828,12.611999999999998,12.2773
2009-10-31,31.2657,240.51906250000002,5.452638888888889,1.773,2.514,14.637,18.924,12.3417
2009-11-01,30.719466666666666,240.92416666666665,5.388333333333334,1.97,0.47,12.215,14.655,16.064466666666668
2009-11-02,25.07043333333333,241.28460416666667,4.4006944444444445,1.881,0.471,7.49,9.842,15.22843333333333
2009-11-03,37.77813333333334,241.14193055555555,6.631805555555555,2.009,3.951,9.025,14.985,22.793133333333337
2009-11-04,30.029999999999998,242.07813194444446,5.230833333333333,1.075,4.008,12.246,17.329,12.700999999999997
2009-11-05,26.007766666666665,241.6652777777778,4.538611111111111,1.105,0.532,9.868,11.505,14.502766666666664
2009-11-06,23.174166666666668,242.56815972222225,4.030972222222222,0.0,0.442,11.326,11.768,11.406166666666667
2009-11-07,25.95293333333333,241.87858333333332,4.510416666666667,2.187,0.408,10.014,12.608999999999998,13.343933333333332
2009-11-08,41.80003333333333,243.25039583333333,7.242777777777778,4.941,2.075,14.871,21.887,19.91303333333333
2009-11-09,23.45795,243.57511111111108,4.098958333333333,1.126,0.43,7.6395,9.1955,14.262450000000001
2009-11-10,26.76973333333333,242.50097916666664,4.648194444444444,1.118,0.432,11.788,13.338000000000001,13.43173333333333
2009-11-11,34.008,242.37135416666666,5.974722222222223,2.338,5.105,11.214,18.657,15.351000000000003
2009-11-12,24.384433333333334,242.2066736111111,4.253333333333334,1.486,0.429,9.403,11.318000000000001,13.066433333333332
2009-11-13,25.548766666666666,241.23570833333332,4.456388888888889,1.856,0.407,9.178,11.441,14.107766666666665
2009-11-14,42.67426666666667,240.22240277777777,7.4534722222222225,4.169,2.411,18.868,25.448,17.226266666666668
2009-11-15,32.788466666666665,240.32536805555557,5.778472222222222,0.991,5.278,9.446,15.715,17.073466666666665
2009-11-16,25.241133333333334,241.884875,4.403194444444445,2.021,0.545,9.354,11.919999999999998,13.321133333333336
2009-11-17,28.471566666666668,242.66059722222224,4.913472222222222,0.0,0.453,11.616,12.068999999999999,16.40256666666667
2009-11-18,43.98623333333333,241.29666666666668,7.685833333333334,6.012,7.655,13.787,27.454,16.53223333333333
2009-11-19,24.5808,242.97506944444442,4.251111111111111,0.0,0.481,10.936,11.417,13.1638
2009-11-20,32.6836,241.58236805555555,5.692222222222222,0.843,0.407,12.816,14.066,18.617599999999996
2009-11-21,41.61426666666667,240.62086805555555,7.281111111111111,5.694,1.997,12.553,20.244,21.370266666666673
2009-11-22,40.8496,241.0777013888889,7.193194444444445,6.774,0.411,16.097,23.282,17.567600000000002
2009-11-23,24.518700000000003,242.7427152777778,4.236666666666666,0.0,0.402,8.23,8.632,15.886700000000003
2009-11-24,35.48093333333334,241.9765277777778,6.179861111111111,2.491,4.579,9.086,16.156,19.32493333333334
2009-11-25,33.00216666666667,241.17878472222222,5.770277777777778,0.745,5.083,10.596,16.424,16.578166666666668
2009-11-26,26.660433333333334,242.6434652777778,4.61125,2.262,0.407,10.069,12.738000000000001,13.922433333333332
2009-11-27,23.000433333333334,241.85881944444446,3.9611111111111112,0.0,0.396,11.599,11.995000000000001,11.005433333333333
2009-11-28,30.9825,241.5964513888889,5.4061111111111115,3.199,0.386,14.35,17.935,13.047500000000003
2009-11-29,27.516033333333333,243.30872222222223,4.776666666666666,1.073,3.061,7.828,11.962,15.554033333333333
2009-11-30,29.0865,243.76430555555555,5.022361111111111,1.08,0.361,12.039,13.48,15.6065
2009-12-01,29.272966666666665,242.63315277777778,5.078333333333333,0.0,0.354,10.821,11.174999999999999,18.097966666666665
2009-12-02,39.09446666666667,241.6693125,6.819722222222222,1.143,7.052,12.851,21.046,18.04846666666667
2009-12-03,24.66146666666667,243.28409722222221,4.293333333333333,1.039,0.402,9.906,11.347000000000001,13.314466666666668
2009-12-04,28.52156666666667,243.38570138888886,4.985138888888889,1.158,0.352,9.134,10.644,17.877566666666667
2009-12-05,39.19603333333334,241.29875694444445,6.922499999999999,3.822,0.351,13.324,17.497,21.69903333333334
2009-12-06,39.638133333333336,241.26927083333334,6.983333333333333,2.85,4.175,12.42,19.445,20.193133333333336
2009-12-07,29.043966666666666,242.54359722222225,5.065833333333334,1.132,0.358,10.291,11.781,17.262966666666664
2009-12-08,33.44806666666667,243.73107638888888,5.790277777777778,1.108,0.35,15.376,16.834,16.61406666666667
2009-12-09,30.039266666666666,242.40731944444443,5.2498611111111115,2.054,3.355,7.971,13.379999999999999,16.659266666666667
2009-12-10,34.3194,241.77770833333335,5.97486111111111,2.823,0.351,15.435,18.609,15.7104
2009-12-11,29.741033333333334,244.29111805555556,5.130833333333333,1.546,0.385,11.251,13.181999999999999,16.559033333333335
2009-12-12,30.273000000000003,244.9389513888889,5.2612499999999995,1.087,4.12,8.198,13.405000000000001,16.868000000000002
2009-12-13,35.646899999999995,244.4975972222222,6.164861111111111,3.984,0.417,13.178,17.579,18.067899999999995
2009-12-14,29.91436666666667,246.1488125,5.122222222222222,1.09,2.28,10.742,14.112000000000002,15.802366666666668
2009-12-15,32.33526666666667,246.04318055555555,5.514583333333333,1.111,0.392,14.084,15.587,16.74826666666667
2009-12-16,23.2479,247.21586805555555,3.993333333333333,1.143,2.943,8.104,12.19,11.057900000000002
2009-12-17,28.6197,246.89413194444444,4.84125,0.0,0.308,14.395,14.703,13.916700000000002
2009-12-18,29.078433333333333,246.5948541666667,4.968333333333333,1.195,0.304,11.466,12.965,16.113433333333333
2009-12-19,36.738899999999994,245.93454166666666,6.242916666666666,1.165,2.662,13.681,17.508,19.230899999999995
2009-12-20,19.069433333333333,247.43500694444444,3.2444444444444445,1.237,0.313,7.795,9.345,9.724433333333332
2009-12-21,33.9161,246.4092152777778,5.778333333333332,3.293,0.282,11.473,15.048000000000002,18.8681
2009-12-22,31.467033333333333,245.73843749999997,5.365694444444444,0.0,0.285,15.829,16.114,15.353033333333332
2009-12-23,24.253333333333334,246.87896527777778,4.121388888888889,1.143,0.284,11.205,12.632,11.621333333333334
2009-12-24,48.43156666666666,245.83511805555557,8.29361111111111,5.184,5.575,15.198,25.957,22.47456666666666
2009-12-25,35.4608,243.58829861111113,6.127638888888888,3.371,3.895,14.288,21.554000000000002,13.906799999999997
2009-12-26,36.393633333333334,242.46571527777778,6.30638888888889,1.186,4.294,16.047,21.527,14.866633333333333
2009-12-27,36.59086666666666,242.66604166666664,6.364722222222222,4.218,0.318,12.45,16.985999999999997,19.604866666666666
2009-12-28,34.90163333333333,243.77761111111113,6.033333333333333,2.175,2.063,14.934,19.171999999999997,15.729633333333332
2009-12-29,34.1328,243.18301388888887,5.912638888888889,1.26,0.346,10.205,11.811,22.321800000000003
2009-12-30,40.85183333333334,241.05222916666668,7.168472222222222,5.284,4.539,12.484,22.307000000000002,18.544833333333337
2009-12-31,36.864866666666664,240.95881944444446,6.401666666666666,0.0,0.387,19.409,19.796,17.068866666666665
2010-01-01,20.4042,242.56572222222223,3.537083333333333,2.304,0.327,3.558,6.189,14.2152
2010-01-02,21.863583333333334,244.67208333333332,3.8197916666666667,0.801,0.298,6.4415,7.5405,14.323083333333335
2010-01-03,34.72423333333334,243.74452777777776,6.044166666666667,3.842,4.92,10.074,18.836,15.88823333333334
2010-01-04,26.735533333333333,245.69911805555554,4.599444444444444,0.0,0.292,10.812,11.104,15.631533333333334
2010-01-05,36.99633333333334,244.5210347222222,6.347083333333333,1.785,0.293,16.468,18.546,18.45033333333334
2010-01-06,29.619666666666667,245.2348125,5.112083333333333,1.731,3.256,11.359,16.346,13.273666666666667
2010-01-07,29.4907,244.90856250000002,5.069722222222222,1.198,0.255,12.936,14.389,15.101700000000001
2010-01-08,29.953466666666667,244.4048125,5.151388888888889,0.0,0.994,12.531,13.525,16.428466666666665
2010-01-09,38.94833333333334,243.8697361111111,6.733472222222223,2.781,4.855,14.734,22.37,16.578333333333337
2010-01-10,41.807766666666666,243.84061805555555,7.226388888888889,3.564,2.032,14.108,19.704,22.103766666666665
2010-01-11,25.3114,246.0691111111111,4.335138888888889,1.251,0.34,10.279,11.87,13.4414
2010-01-12,36.66252990415335,244.9008073171814,6.2464474618388355,1.5502313099041531,4.487231309904153,19.052197444089455,25.08966006389776,11.572869840255592
2010-01-13,41.706019169329075,245.24075878594246,7.004952076677316,1.7137380191693292,1.7137380191693292,16.280511182108626,19.707987220447283,21.998031948881792
2010-01-14,44.890617593184245,244.1554512579872,7.679225461483847,2.307030670926518,0.5010306709265175,5.854791373801917,8.662852715654953,36.227764877529296
2010-01-15,36.61266666666667,243.72576388888888,6.335,1.957,2.952,13.546,18.455,18.15766666666667
2010-01-16,35.8352,243.0452361111111,6.219722222222222,2.605,2.415,13.652,18.671999999999997,17.163200000000003
2010-01-17,31.775933333333334,242.54300694444444,5.521527777777778,1.992,0.298,15.044,17.334,14.441933333333335
2010-01-18,31.351633333333332,243.63636805555555,5.4215277777777775,0.617,0.295,12.981,13.893,17.45863333333333
2010-01-19,40.55846666666666,243.02311111111112,7.004583333333334,2.044,0.653,19.311,22.008,18.55046666666666
2010-01-20,39.19546666666667,242.76043750000002,6.810694444444445,2.317,3.341,14.563,20.221,18.974466666666668
2010-01-21,35.63093333333333,242.95125,6.161944444444445,0.894,0.449,16.451,17.794,17.83693333333333
2010-01-22,29.843766666666667,241.8501736111111,5.183194444444444,0.699,0.352,14.512,15.563,14.280766666666667
2010-01-23,43.52568333333333,240.82820833333332,7.6688888888888895,3.154,4.086,16.039,23.279000000000003,20.24668333333333
2010-01-24,37.82366666666667,241.74617361111112,6.605138888888889,3.496,2.76,11.046,17.302,20.52166666666667
2010-01-25,32.17516666666667,242.8986111111111,5.55,1.368,0.455,16.136,17.959,14.21616666666667
2010-01-26,34.459399999999995,243.33947916666665,5.903472222222222,0.526,0.395,16.243,17.163999999999998,17.295399999999997
2010-01-27,46.015033333333335,241.98610416666665,7.990138888888889,2.044,6.403,18.154,26.601,19.414033333333336
2010-01-28,35.170566666666666,243.2490347222222,6.0633333333333335,2.032,0.504,14.987,17.523,17.647566666666666
2010-01-29,34.88316666666666,243.63280555555554,5.978611111111111,1.488,0.851,18.061,20.4,14.483166666666662
2010-01-30,47.3788,242.07939583333334,8.307222222222222,3.24,7.544,17.891,28.674999999999997,18.7038
2010-01-31,29.9866,243.40263888888887,5.202222222222222,1.715,1.38,12.569,15.664000000000001,14.322599999999998
2010-02-01,28.229633333333332,243.63174305555557,4.857777777777778,1.111,0.367,14.623,16.101,12.128633333333333
2010-02-02,35.95719999999999,243.33281944444445,6.148333333333333,0.0,0.382,21.536,21.918000000000003,14.03919999999999
2010-02-03,48.38356666666667,242.3880763888889,8.37,2.234,8.423,21.13,31.787,16.596566666666668
2010-02-04,38.6045,242.10079166666668,6.643888888888889,1.074,0.532,23.743,25.349,13.255500000000001
2010-02-05,34.98153333333333,241.94126388888887,6.075416666666667,0.902,0.474,18.008,19.384,15.597533333333331
2010-02-06,45.216433333333335,241.09206944444446,7.933194444444444,4.324,2.209,17.857,24.39,20.826433333333334
2010-02-07,27.095133333333333,242.68447222222224,4.726805555555556,2.736,3.837,5.546,12.119,14.976133333333333
2010-02-08,43.037299999999995,241.99677777777777,7.4075,1.161,0.431,19.764,21.355999999999998,21.681299999999997
2010-02-09,40.348866666666666,243.1503680555556,6.920138888888889,1.214,0.41,19.769,21.392999999999997,18.95586666666667
2010-02-10,32.46706666666667,242.44686458333334,5.615138888888889,1.219,2.976,12.2305,16.4255,16.041566666666668
2010-02-11,22.82946666666667,244.51238194444446,3.9073611111111113,0.0,0.33,9.916,10.246,12.583466666666668
2010-02-12,31.549966666666666,243.62629166666665,5.408055555555555,1.241,0.312,15.211,16.764,14.785966666666667
2010-02-13,39.1926,242.88909027777777,6.744027777777777,1.838,5.292,18.71,25.84,13.352599999999999
2010-02-14,28.141666666666666,243.14075,4.832569444444444,1.2245,0.3195,13.1905,14.7345,13.407166666666665
2010-02-15,34.9522,243.44677777777775,6.042361111111111,3.468,0.332,16.065,19.865000000000002,15.087199999999996
2010-02-16,29.962600000000002,243.75376388888887,5.148333333333333,1.945,0.317,12.82,15.082,14.880600000000001
2010-02-17,34.242666666666665,242.34681944444444,5.94125,2.294,6.636,10.101,19.031,15.211666666666666
2010-02-18,29.3526,243.58819444444444,5.038194444444445,0.965,0.385,14.884,16.234,13.118599999999997
2010-02-19,32.559533333333334,241.70740277777776,5.654166666666667,2.124,0.397,14.543,17.064,15.495533333333334
2010-02-20,33.062133333333335,241.78896527777778,5.745555555555556,3.748,0.382,14.47,18.6,14.462133333333334
2010-02-21,45.6719,240.625375,8.038333333333334,5.905,8.142,17.083,31.13,14.541900000000002
2010-02-22,24.56726666666667,240.57949305555553,4.315,1.393,2.167,10.159,13.719000000000001,10.848266666666667
2010-02-23,24.354666666666667,241.98468055555557,4.254583333333334,0.0,3.001,8.806,11.806999999999999,12.547666666666668
2010-02-24,31.904633333333333,241.4657986111111,5.523055555555556,2.26,1.682,14.315,18.256999999999998,13.647633333333335
2010-02-25,31.33673333333333,240.98316666666668,5.405833333333333,0.0,0.474,15.12,15.594,15.742733333333332
2010-02-26,35.33593333333333,240.42563194444443,6.139305555555556,1.146,2.454,14.821,18.421,16.91493333333333
2010-02-27,29.4176,241.54445833333335,5.150833333333333,3.743,0.441,14.358,18.542,10.875599999999999
2010-02-28,11.8611,242.56746527777779,2.06125,0.0,0.487,2.952,3.439,8.4221
2010-03-01,21.645466666666668,241.82277777777776,3.7577777777777777,1.785,0.471,7.115,9.371,12.274466666666667
2010-03-02,12.781766666666668,241.75205555555556,2.2255555555555557,0.0,0.424,3.605,4.029,8.752766666666668
2010-03-03,15.597233333333332,241.2114375,2.7330555555555556,0.0,0.425,7.221,7.646,7.951233333333332
2010-03-04,11.381333333333334,242.9922916666667,2.0072222222222225,0.0,0.436,2.928,3.364,8.017333333333333
2010-03-05,18.895433333333337,243.4863125,3.26625,1.108,0.351,5.918,7.377000000000001,11.518433333333336
2010-03-06,13.2452,243.03125694444446,2.3066666666666666,0.0,0.419,3.97,4.389,8.856200000000001
2010-03-07,22.874533333333332,243.55174305555556,3.966666666666667,0.0,4.674,3.679,8.353,14.521533333333332
2010-03-08,42.6183,243.77458333333334,7.424444444444445,4.214,7.645,15.971,27.83,14.7883
2010-03-09,29.3352,243.52749999999997,5.080694444444444,0.846,0.397,10.893,12.136000000000001,17.199199999999998
2010-03-10,30.377200000000002,243.56579166666666,5.196944444444445,1.167,0.375,14.916,16.458000000000002,13.9192
2010-03-11,32.518166666666666,242.68144444444445,5.639444444444445,2.071,0.32,15.706,18.097,14.421166666666664
2010-03-12,27.423733333333335,243.0135347222222,4.722222222222222,1.691,0.411,14.076,16.178,11.245733333333334
2010-03-13,39.71683333333333,241.99693750000003,6.905,2.848,5.534,17.973,26.354999999999997,13.36183333333333
2010-03-14,26.1119,241.9863125,4.594861111111111,3.464,0.918,7.101,11.483,14.628899999999998
2010-03-15,29.864166666666666,242.29575,5.178333333333334,0.778,0.436,15.053,16.267,13.597166666666666
2010-03-16,25.710833333333333,241.5400763888889,4.460972222222223,0.0,0.457,10.083,10.540000000000001,15.170833333333333
2010-03-17,33.485499999999995,241.64133333333334,5.8277777777777775,1.136,5.851,13.105,20.092,13.393499999999996
2010-03-18,26.0447,241.5022638888889,4.547361111111111,1.147,0.57,10.845,12.562000000000001,13.482699999999998
2010-03-19,27.723066666666668,241.42446527777776,4.8059722222222225,0.0,0.596,12.591,13.187,14.536066666666668
2010-03-20,15.276779487179487,242.66685950854702,2.809604700854701,0.0,1.233,1.8169230769230769,3.049923076923077,12.22685641025641
2010-03-21,29.36858717948718,241.60166132478633,5.2010202991452985,1.67,3.626,3.845576923076923,9.141576923076922,20.227010256410257
2010-03-22,26.976499999999998,241.35879166666666,4.687083333333333,1.142,0.557,13.859,15.558,11.418499999999998
2010-03-23,30.369366666666668,241.1662986111111,5.370416666666666,2.892,1.153,13.107,17.152,13.217366666666667
2010-03-24,33.245866666666664,240.72467361111114,5.801944444444444,1.075,5.832,12.817,19.724,13.521866666666664
2010-03-25,27.998066666666666,242.26515277777779,4.843194444444444,0.0,0.611,13.797,14.408000000000001,13.590066666666665
2010-03-26,27.521400000000003,241.50402777777776,4.79875,1.078,0.682,12.547,14.307,13.214400000000003
2010-03-27,30.799500000000002,240.41256944444442,5.393472222222223,1.067,3.08,12.483,16.630000000000003,14.1695
2010-03-28,29.970233333333333,241.37355555555555,5.323888888888889,1.083,7.895,7.118,16.096,13.874233333333333
2010-03-29,27.045633333333335,241.52158333333335,4.726388888888889,0.0,0.636,15.42,16.056,10.989633333333334
2010-03-30,31.77423333333333,241.08461805555555,5.636527777777778,1.76,0.571,13.765,16.096,15.678233333333331
2010-03-31,32.06336666666667,240.1941736111111,5.662916666666667,1.067,6.313,12.041,19.421,12.642366666666668
2010-04-01,28.124000000000002,241.75415972222223,4.879027777777778,1.78,0.517,14.393,16.69,11.434000000000001
2010-04-02,27.477033333333335,242.77352083333332,4.733472222222222,0.0,0.483,13.074,13.557,13.920033333333334
2010-04-03,30.087966666666667,243.24993055555558,5.170972222222222,1.778,0.648,17.694,20.119999999999997,9.967966666666669
2010-04-04,28.173133333333332,241.74743055555555,4.925694444444445,1.097,0.831,12.687,14.614999999999998,13.558133333333334
2010-04-05,18.647,243.6551458333333,3.26875,1.755,1.436,5.503,8.693999999999999,9.953
2010-04-06,30.430866666666667,242.74411111111112,5.258888888888889,1.154,0.613,12.476,14.243,16.187866666666665
2010-04-07,26.616366666666668,241.83122916666665,4.645416666666667,1.077,3.44,11.362,15.879,10.737366666666668
2010-04-08,27.487000000000002,241.99483333333333,4.759027777777778,0.145,0.669,13.322,14.136,13.351000000000003
2010-04-09,20.555833333333332,242.58288194444444,3.570555555555556,1.088,0.566,10.595,12.249,8.306833333333332
2010-04-10,19.8368,241.28286111111112,3.48625,1.044,0.96,8.933,10.937,8.8998
2010-04-11,26.719683333333332,241.4909097222222,4.733819444444444,5.499,0.554,8.851,14.904,11.815683333333332
2010-04-12,23.990433333333332,242.00644444444447,4.164305555555556,0.66,0.611,11.949,13.219999999999999,10.770433333333333
2010-04-13,25.21173333333333,241.735125,4.392222222222222,1.097,0.646,13.033,14.776,10.435733333333332
2010-04-14,27.672733333333333,241.3756111111111,4.8469444444444445,1.132,5.871,9.194,16.197000000000003,11.47573333333333
2010-04-15,31.20296666666667,240.8521875,5.425416666666667,2.526,0.658,15.667,18.851,12.35196666666667
2010-04-16,26.034366666666664,241.99183333333332,4.550694444444445,2.837,0.592,12.623,16.052,9.982366666666664
2010-04-17,25.961866666666666,241.30517361111112,4.548055555555555,0.553,3.124,12.571,16.248,9.713866666666664
2010-04-18,24.601766666666666,240.68122916666664,4.280833333333333,1.104,0.618,12.55,14.272,10.329766666666666
2010-04-19,28.476566666666667,241.25981944444445,4.962916666666667,1.23,4.255,13.474,18.959,9.517566666666667
2010-04-20,30.560466666666667,240.77724999999998,5.33125,1.388,0.719,16.668,18.775,11.785466666666668
2010-04-21,26.3319,241.93004166666668,4.556111111111111,0.0,0.635,12.902,13.536999999999999,12.794900000000002
2010-04-22,24.3484,240.74602083333335,4.2659722222222225,1.062,0.653,12.492,14.207,10.1414
2010-04-23,19.6756,241.61291666666665,3.435277777777778,0.0,0.623,10.981,11.604,8.0716
2010-04-24,25.306966666666664,241.51611805555558,4.585416666666666,4.445,1.483,8.223,14.151000000000002,11.155966666666663
2010-04-25,25.712366666666664,240.66157638888888,4.521527777777778,0.0,2.35,7.595,9.945,15.767366666666664
2010-04-26,18.045266666666667,241.23138194444445,3.169166666666667,1.038,0.46,7.635,9.133,8.912266666666667
2010-04-27,20.849,242.07596527777778,3.6158333333333337,0.0,0.545,8.539,9.084,11.765
2010-04-28,14.4643,242.51982638888887,2.551111111111111,0.0,0.578,6.035,6.613,7.851299999999999
2010-04-29,18.3954,242.2791736111111,3.1961111111111107,0.012,0.679,8.102,8.793000000000001,9.602399999999998
2010-04-30,18.6438,241.81767361111113,3.3229166666666665,2.695,0.659,6.969,10.323,8.320799999999998
2010-05-01,22.002633333333332,240.64716666666666,3.9298611111111112,1.984,4.885,6.751,13.620000000000001,8.382633333333331
2010-05-02,36.46516666666666,240.38825,6.422499999999999,1.858,7.966,14.454,24.278,12.187166666666663
2010-05-03,23.5217,237.18724305555557,4.158888888888889,0.98,0.534,11.825,13.338999999999999,10.1827
2010-05-04,25.282666666666668,236.03702777777778,4.5025,0.0,1.018,12.007,13.025,12.257666666666667
2010-05-05,30.088466666666665,236.10560416666667,5.365138888888889,2.969,2.194,12.183,17.346,12.742466666666665
2010-05-06,21.654166666666665,235.98911111111113,3.8222222222222224,0.0,0.301,10.28,10.581,11.073166666666665
2010-05-07,27.400066666666664,237.49589583333335,4.8156944444444445,1.053,0.332,13.602,14.987,12.413066666666664
2010-05-08,25.557033333333333,241.89702083333336,4.485277777777778,3.569,2.435,10.158,16.162,9.395033333333334
2010-05-09,26.1085,241.40132638888886,4.638472222222222,2.888,2.636,9.945,15.469000000000001,10.639499999999998
2010-05-10,24.46486666666667,240.99840972222225,4.260138888888889,0.0,0.403,12.893,13.296000000000001,11.168866666666668
2010-05-11,26.189466666666664,242.3830763888889,4.54375,1.156,0.345,11.418,12.918999999999999,13.270466666666666
2010-05-12,33.923633333333335,241.716625,5.8902777777777775,1.036,4.434,16.362,21.832,12.091633333333334
2010-05-13,25.903133333333336,242.96012847222224,4.479722222222223,2.1245,1.477,10.5275,14.129,11.774133333333337
2010-05-14,28.70243333333333,242.06722916666666,4.981944444444444,1.045,0.334,16.764,18.143,10.559433333333331
2010-05-15,32.412866666666666,242.10271527777775,5.709305555555555,3.347,0.336,13.67,17.353,15.059866666666665
2010-05-16,35.0071,240.97365277777777,6.154444444444445,3.361,3.922,11.888,19.171,15.836100000000002
2010-05-17,27.136366666666667,241.36027083333332,4.723194444444444,1.014,0.367,15.344,16.724999999999998,10.41136666666667
2010-05-18,23.6864,241.520875,4.118333333333333,0.0,0.37,11.677,12.046999999999999,11.6394
2010-05-19,23.7792,241.60104166666667,4.1762500000000005,2.122,0.659,9.864,12.645,11.1342
2010-05-20,19.23163333333333,242.45078472222224,3.3552777777777782,0.0,0.369,10.101,10.47,8.76163333333333
2010-05-21,21.573266666666665,241.75904861111113,3.7977777777777777,1.073,0.381,10.113,11.567,10.006266666666665
2010-05-22,34.92953333333333,239.55310416666666,6.156527777777778,2.278,2.441,17.454,22.173000000000002,12.75653333333333
2010-05-23,24.7926,240.69034722222221,4.398055555555556,0.864,0.416,9.541,10.821,13.9716
2010-05-24,22.355533333333334,241.03509722222222,3.971111111111111,1.875,2.467,7.746,12.088000000000001,10.267533333333333
2010-05-25,19.9771,240.2630486111111,3.5909722222222222,0.474,0.451,10.439,11.364,8.6131
2010-05-26,23.1314,239.54319444444445,4.185,0.914,4.5,8.53,13.943999999999999,9.1874
2010-05-27,22.0557,239.92095138888888,3.91125,0.932,0.443,10.669,12.044,10.011700000000001
2010-05-28,23.302733333333332,240.0395763888889,4.099027777777778,1.02,0.413,11.616,13.049,10.253733333333333
2010-05-29,34.163466666666665,240.20170833333336,6.040555555555556,4.057,0.4,16.635,21.092000000000002,13.071466666666662
2010-05-30,27.761666666666667,240.46701388888889,4.902083333333334,2.405,2.976,9.708,15.089,12.672666666666666
2010-05-31,22.341033333333332,240.69020833333335,3.9730555555555553,1.71,2.171,10.461,14.342,7.999033333333331
2010-06-01,21.1494,240.5402777777778,3.7181944444444444,0.97,0.4,11.858,13.228000000000002,7.921399999999998
2010-06-02,16.348300000000002,240.33645833333333,2.9158333333333335,0.0,0.656,8.454,9.110000000000001,7.238300000000001
2010-06-03,23.23643333333333,240.24450694444445,4.154166666666667,2.916,0.451,12.304,15.671,7.565433333333331
2010-06-04,23.675900000000002,240.27963888888888,4.203333333333333,1.695,0.397,12.517,14.609,9.066900000000002
2010-06-05,33.49406666666667,241.10038194444445,6.095138888888889,10.932,1.253,12.223,24.408,9.086066666666667
2010-06-06,29.1132,241.42161805555557,5.288194444444445,7.609,0.574,11.365,19.548000000000002,9.565199999999997
2010-06-07,16.868033333333333,242.33104861111113,3.0329166666666665,1.821,0.488,6.737,9.046,7.822033333333334
2010-06-08,22.700566666666667,241.07685416666666,4.03375,1.513,0.821,11.374,13.708,8.992566666666667
2010-06-09,25.578033333333334,241.18673611111112,4.544722222222222,2.774,4.269,8.255,15.298000000000002,10.280033333333332
2010-06-10,20.25316666666667,241.69444444444446,3.591527777777778,0.0,0.474,10.87,11.344,8.90916666666667
2010-06-11,24.5112,241.45329166666667,4.4125,3.439,0.468,11.728,15.635,8.876199999999999
2010-06-12,32.907783333333334,240.35415972222222,5.8475,2.705,3.659,16.2,22.564,10.343783333333334
2010-06-13,27.905933333333333,241.20292361111112,5.06,4.922,2.516,9.096,16.534,11.371933333333335
2010-06-14,20.299733333333332,241.61683333333332,3.61375,0.958,0.473,10.336,11.767,8.532733333333333
2010-06-15,20.39943333333333,240.9032986111111,3.622916666666667,0.0,0.488,10.144,10.632,9.767433333333331
2010-06-16,29.468200000000003,240.75138194444443,5.18375,1.875,4.999,10.336,17.21,12.258200000000002
2010-06-17,17.133633333333332,240.42709027777778,3.0509722222222218,0.0,0.488,8.51,8.998,8.135633333333333
2010-06-18,22.205266666666667,240.52340972222223,3.945972222222222,0.977,0.454,11.977,13.408000000000001,8.797266666666665
2010-06-19,23.603666666666665,241.7036388888889,4.214166666666666,2.385,1.803,9.554,13.742,9.861666666666665
2010-06-20,27.875833333333333,240.30783333333335,4.924444444444444,1.021,4.195,12.337,17.553,10.322833333333332
2010-06-21,27.681500000000003,240.95399305555554,4.947638888888889,3.824,3.525,11.179,18.528,9.153500000000005
2010-06-22,25.343133333333334,240.6849236111111,4.581666666666667,0.968,6.176,9.23,16.374000000000002,8.969133333333332
2010-06-23,24.0344,239.99858333333336,4.383194444444444,5.74,1.5,10.188,17.428,6.606400000000001
2010-06-24,18.262999999999998,240.80948611111108,3.274583333333333,0.973,0.883,8.09,9.946,8.316999999999998
2010-06-25,18.323966666666667,240.5305486111111,3.3211111111111107,0.0,0.689,10.466,11.155,7.168966666666668
2010-06-26,16.360333333333333,241.4948611111111,3.002638888888889,0.921,1.221,7.939,10.081,6.279333333333334
2010-06-27,18.999399999999998,239.94747916666665,3.4852777777777777,2.665,0.764,7.69,11.119,7.880399999999998
2010-06-28,24.522333333333332,240.4290138888889,4.3725,0.0,0.809,12.516,13.325,11.197333333333333
2010-06-29,22.80905,240.34065625,4.162638888888889,1.746,1.984,8.263,11.993,10.816049999999999
2010-06-30,23.068933333333334,240.61095833333334,4.09375,0.398,0.806,5.214,6.418000000000001,16.650933333333334
2010-07-01,22.483366666666665,239.31421527777775,4.051944444444445,0.877,0.921,7.438,9.236,13.247366666666665
2010-07-02,19.01546666666667,239.63011805555556,3.495,0.822,0.932,6.337,8.091,10.92446666666667
2010-07-03,18.6679,241.33627777777778,3.42125,0.0,0.968,6.151,7.119,11.5489
2010-07-04,25.6348,240.33446527777778,4.561805555555556,0.86,0.804,6.597,8.261000000000001,17.373799999999996
2010-07-05,18.5665,241.18256250000002,3.3313888888888887,0.841,0.837,6.913,8.591000000000001,9.9755
2010-07-06,16.765566666666665,240.5297013888889,3.0056944444444444,0.0,0.771,8.451,9.222000000000001,7.543566666666663
2010-07-07,13.913133333333333,240.6574513888889,2.5466666666666664,0.879,0.76,5.762,7.401,6.512133333333333
2010-07-08,20.210866666666668,240.304125,3.6294444444444443,0.857,1.35,8.459,10.666,9.544866666666667
2010-07-09,18.05796666666667,240.79250694444445,3.3231944444444443,0.0,0.625,5.356,5.981,12.076966666666669
2010-07-10,19.241733333333332,240.06252083333337,3.510277777777778,0.907,1.24,8.921,11.068,8.173733333333333
2010-07-11,19.89286666666667,239.7739513888889,3.6480555555555556,0.848,0.594,7.781,9.222999999999999,10.669866666666671
2010-07-12,18.492900000000002,240.2186458333333,3.397222222222222,1.724,0.646,6.444,8.814,9.678900000000002
2010-07-13,23.035233333333334,240.49479166666666,4.2404166666666665,2.273,2.826,7.894,12.993,10.042233333333334
2010-07-14,23.4912,240.34191666666666,4.260555555555555,1.064,0.598,7.575,9.237,14.254199999999999
2010-07-15,27.263550000000002,240.36691666666667,4.791944444444444,1.108,2.179,8.2035,11.4905,15.773050000000001
2010-07-16,13.6676,241.15434722222224,2.4870833333333335,0.0,0.568,3.854,4.422,9.2456
2010-07-17,13.4392,241.18420833333334,2.424166666666667,0.0,0.541,6.094,6.635000000000001,6.804199999999999
2010-07-18,13.533966666666666,241.45020138888887,2.417638888888889,0.0,0.498,3.943,4.441,9.092966666666666
2010-07-19,13.352633333333333,241.84955555555555,2.395,0.0,0.549,6.105,6.654000000000001,6.6986333333333326
2010-07-20,14.263733333333333,241.6489861111111,2.5684722222222223,0.009,0.55,5.178,5.737,8.526733333333333
2010-07-21,17.7361,241.72080555555556,3.204861111111111,2.03,0.585,6.178,8.793,8.943100000000001
2010-07-22,19.407433333333334,241.1897847222222,3.5011111111111113,0.0,2.151,5.604,7.755,11.652433333333335
2010-07-23,19.602633333333333,239.8829166666667,3.5233333333333334,0.897,2.106,8.295,11.298,8.304633333333333
2010-07-24,15.361133333333333,240.29686805555554,2.786111111111111,0.0,2.096,3.892,5.9879999999999995,9.373133333333334
2010-07-25,18.84016666666667,240.27947916666668,3.3686111111111114,0.0,3.732,7.549,11.281,7.559166666666668
2010-07-26,14.735833333333334,240.93763194444443,2.658333333333333,0.0,2.246,4.147,6.393000000000001,8.342833333333333
2010-07-27,15.872666666666667,239.63009722222225,2.8269444444444445,0.907,0.523,4.042,5.4719999999999995,10.400666666666668
2010-07-28,14.377566666666667,240.30625694444444,2.583472222222222,0.801,0.544,7.232,8.577,5.800566666666667
2010-07-29,9.151733333333334,240.3845347222222,1.6897222222222221,0.0,0.537,4.158,4.695,4.456733333333334
2010-07-30,9.187666666666667,240.04908333333333,1.695138888888889,0.0,0.534,4.087,4.6209999999999996,4.566666666666667
2010-07-31,9.243599999999999,239.68085416666665,1.7159722222222222,0.0,0.548,4.272,4.82,4.423599999999999
2010-08-01,9.261066666666666,239.80130555555556,1.7205555555555554,0.0,0.558,4.263,4.821,4.440066666666667
2010-08-02,9.158033333333332,240.89735416666667,1.7008333333333332,0.0,0.536,4.191,4.727,4.431033333333332
2010-08-03,10.253533333333333,241.5017013888889,1.8530555555555557,0.0,0.527,4.096,4.623,5.630533333333333
2010-08-04,9.055933333333334,241.39795138888888,1.6722222222222223,0.0,0.532,4.116,4.648,4.407933333333334
2010-08-05,8.891266666666667,241.8593888888889,1.6345833333333335,0.0,0.517,4.013,4.53,4.361266666666666
2010-08-06,8.745766666666666,240.9532361111111,1.6036111111111109,0.0,0.507,3.947,4.454,4.291766666666667
2010-08-07,8.791266666666667,241.32504861111113,1.6180555555555556,0.0,0.52,3.968,4.4879999999999995,4.3032666666666675
2010-08-08,8.807666666666668,240.7344652777778,1.6234722222222224,0.0,0.526,3.958,4.484,4.323666666666668
2010-08-09,8.917733333333333,241.06926388888888,1.6384722222222223,0.0,0.515,4.042,4.5569999999999995,4.360733333333333
2010-08-10,9.0793,241.95466666666664,1.6648611111111111,0.0,0.525,4.141,4.666,4.4133
2010-08-11,9.033366666666666,240.54286805555554,1.6716666666666666,0.0,0.542,4.118,4.66,4.373366666666666
2010-08-12,8.8283,240.79493055555557,1.6237499999999998,0.0,0.514,3.982,4.496,4.3323
2010-08-13,8.9049,240.99115972222222,1.6345833333333335,0.0,0.508,4.097,4.605,4.299899999999999
2010-08-14,9.237833333333333,241.165875,1.683472222222222,0.0,0.512,4.471,4.9830000000000005,4.254833333333332
2010-08-15,17.599766666666667,241.686625,3.161388888888889,0.0,4.361,5.282,9.643,7.956766666666667
2010-08-16,18.828833333333332,241.07695833333335,3.4175,1.53,0.463,7.328,9.321,9.507833333333332
2010-08-17,18.981908302200086,240.7826824629476,3.353885852436081,0.94,0.7454087449840874,5.666,7.351408744984088,11.630499557215998
2010-08-18,20.992079701120797,239.72616645911168,3.6756745537567452,0.0,0.35805728518057284,1.44,1.7980572851805727,19.194022415940225
2010-08-19,19.786998754669987,240.48930469074307,3.4764217517642173,0.0,0.9319053549190535,1.44,2.371905354919053,17.415093399750933
2010-08-20,18.58191780821918,241.25244292237443,3.2771689497716894,0.0,1.5057534246575341,1.44,2.945753424657534,15.636164383561647
2010-08-21,17.376836861768368,242.01558115400582,3.0779161477791614,0.0,2.079601494396015,1.44,3.519601494396015,13.857235367372352
2010-08-22,16.077258572021588,242.73064869970636,2.8699049667143273,0.0,2.400273695862737,1.588,3.988273695862737,12.08898487615885
2010-08-23,12.760966666666667,242.0454236111111,2.3279166666666664,0.0,0.565,6.106,6.670999999999999,6.089966666666667
2010-08-24,12.049133333333334,241.6081597222222,2.254861111111111,0.0,0.541,5.712,6.253,5.796133333333334
2010-08-25,16.340133333333334,241.11630555555556,2.9448611111111114,0.969,0.522,8.959,10.45,5.890133333333335
2010-08-26,12.620866666666666,241.8138125,2.3005555555555555,0.0,0.538,5.078,5.6160000000000005,7.004866666666666
2010-08-27,33.844166666666666,240.85945833333332,5.994027777777777,0.93,7.583,12.707,21.22,12.624166666666667
2010-08-28,24.0476,242.56586111111113,4.281805555555556,2.086,0.549,12.983,15.618,8.429599999999999
2010-08-29,27.808,241.00794444444443,4.937777777777778,3.005,0.534,13.095,16.634,11.174
2010-08-30,24.913366666666665,241.37439583333332,4.3825,0.94,1.47,11.79,14.2,10.713366666666666
2010-08-31,22.751766666666665,241.19238888888887,4.103472222222222,2.099,1.723,7.958,11.780000000000001,10.971766666666664
2010-09-01,26.5553,241.26284027777777,4.691666666666666,1.947,1.194,13.99,17.131,9.424299999999999
2010-09-02,23.208199999999998,240.94371527777778,4.08875,0.929,0.5,11.785,13.214,9.994199999999998
2010-09-03,22.44023333333333,240.5336736111111,3.9734722222222225,0.94,0.523,9.747,11.21,11.23023333333333
2010-09-04,29.064,241.10194444444443,5.173472222222222,2.605,0.734,13.241,16.58,12.484000000000002
2010-09-05,22.0503,242.14060416666663,3.96375,1.609,2.732,7.471,11.812000000000001,10.238299999999999
2010-09-06,23.7146,241.84175,4.206944444444445,3.164,0.532,10.174,13.87,9.844600000000002
2010-09-07,24.197566666666667,241.2751597222222,4.307083333333333,1.929,0.922,11.829,14.68,9.517566666666667
2010-09-08,21.7302,240.98400694444442,3.8720833333333333,0.001,0.495,7.478,7.974,13.7562
2010-09-09,20.645233333333334,240.6032152777778,3.701666666666666,1.813,2.128,7.016,10.957,9.688233333333333
2010-09-10,22.135133333333332,241.8182013888889,3.921527777777778,0.966,0.654,10.773,12.393,9.742133333333332
2010-09-11,24.3885,241.67075,4.311944444444444,0.93,1.427,8.996,11.353000000000002,13.035499999999999
2010-09-12,26.8682,241.61972222222224,4.755694444444444,1.805,2.08,8.891,12.776,14.092200000000002
2010-09-13,17.938666666666666,241.15527083333336,3.241111111111111,1.301,0.798,6.71,8.809000000000001,9.129666666666665
2010-09-14,23.844633333333334,240.94131944444445,4.237361111111111,1.874,2.705,10.27,14.849,8.995633333333334
2010-09-15,16.434900000000003,241.29677777777778,2.9531944444444447,0.0,0.898,6.018,6.9159999999999995,9.518900000000002
2010-09-16,22.328966666666666,240.41177083333335,3.9340277777777777,1.038,0.739,10.31,12.087,10.241966666666666
2010-09-17,24.96013333333333,240.814875,4.427777777777778,1.954,5.496,9.727,17.177,7.783133333333332
2010-09-18,20.7991,241.55907638888888,3.662361111111111,0.982,0.754,11.779,13.515,7.284099999999999
2010-09-19,15.326666666666666,241.71130555555558,2.7115277777777775,0.0,1.307,5.156,6.462999999999999,8.863666666666667
2010-09-20,28.0472,241.4937361111111,4.985972222222222,3.323,0.766,13.262,17.351,10.696200000000001
2010-09-21,18.522933333333334,240.91864583333333,3.311527777777778,0.0,0.679,7.969,8.648,9.874933333333335
2010-09-22,25.173233333333332,240.65502777777778,4.468055555555556,2.472,1.167,11.768,15.407,9.766233333333332
2010-09-23,24.16436666666667,240.7245,4.227777777777778,1.021,0.755,12.002,13.778,10.38636666666667
2010-09-24,22.1332,240.58872222222223,3.923611111111111,1.739,0.773,8.666,11.178,10.955199999999998
2010-09-25,9.755997009036527,241.4143233926223,1.7047964659963517,0.0,0.15,4.454327987781595,4.604327987781596,5.151669021254931
2010-09-26,22.832769759450173,239.6517640320733,3.980183276059565,0.0,0.0,10.43422680412371,10.43422680412371,12.398542955326462
2010-09-27,37.29545017182131,237.59540664375717,6.509392898052693,0.0,0.0,17.164123711340206,17.164123711340206,20.1313264604811
2010-09-28,48.128883059692,236.64117954265834,8.40104402655806,0.944,0.181,19.49682149675449,20.62182149675449,27.507061562937512
2010-09-29,28.073766666666664,241.22340972222224,4.879166666666666,1.579,0.648,13.047,15.274000000000001,12.799766666666663
2010-09-30,20.804633333333335,242.30779166666665,3.6041666666666665,0.0,0.771,7.988,8.759,12.045633333333335
2010-10-01,25.080333333333332,240.80197916666665,4.372638888888889,1.752,0.724,11.307,13.783000000000001,11.29733333333333
2010-10-02,32.05423333333333,240.70345833333332,5.584305555555555,3.972,0.741,13.532,18.245,13.809233333333328
2010-10-03,30.5114,241.93284027777776,5.398472222222223,5.0,2.564,7.738,15.302,15.209399999999999
2010-10-04,29.599333333333334,240.62145833333335,5.197916666666667,1.709,0.722,8.252,10.683,18.916333333333334
2010-10-05,30.9104,239.91899999999998,5.422083333333333,0.0,3.012,12.037,15.049000000000001,15.861399999999998
2010-10-06,21.924266666666664,241.27625,3.815555555555555,1.016,0.527,8.055,9.597999999999999,12.326266666666665
2010-10-07,30.1659,241.60523611111108,5.287638888888889,2.159,0.543,12.666,15.368,14.7979
2010-10-08,25.174266666666664,240.98219444444445,4.433472222222222,0.964,0.71,9.927,11.600999999999999,13.573266666666665
2010-10-09,26.863,240.1984375,4.740972222222222,0.959,1.585,13.132,15.676,11.187
2010-10-10,33.31506666666667,240.3423472222222,5.9181944444444445,3.325,0.773,10.297,14.395,18.920066666666667
2010-10-11,27.043166666666664,239.92619444444443,4.820416666666667,1.007,5.006,8.734,14.747,12.296166666666664
2010-10-12,26.3282,240.26067361111112,4.681388888888889,1.104,0.78,9.812,11.696,14.6322
2010-10-13,34.564766666666664,240.79931944444445,6.015833333333333,1.988,0.611,16.593,19.192,15.372766666666664
2010-10-14,35.585366666666665,240.90321527777778,6.261111111111111,2.583,2.441,14.239,19.263,16.322366666666664
2010-10-15,26.6054,240.7949444444444,4.6883333333333335,0.712,0.827,10.786,12.325,14.2804
2010-10-16,16.666900000000002,241.91749305555555,2.936111111111111,0.0,0.645,7.656,8.301,8.365900000000002
2010-10-17,17.456366666666668,242.2758263888889,3.0640277777777776,0.995,0.666,4.681,6.3420000000000005,11.114366666666667
2010-10-18,45.2314,241.81618055555555,7.903333333333332,2.234,10.218,16.382,28.834000000000003,16.397399999999998
2010-10-19,32.09963333333334,241.9127847222222,5.6530555555555555,1.025,4.11,9.461,14.596,17.503633333333337
2010-10-20,28.7994,242.248125,5.033611111111111,2.154,0.69,10.33,13.174,15.625399999999999
2010-10-21,22.586633333333335,243.47242361111108,3.9468055555555552,0.755,0.691,6.757,8.203,14.383633333333336
2010-10-22,27.814866666666667,242.79820138888888,4.783194444444445,1.106,0.478,12.697,14.280999999999999,13.533866666666668
2010-10-23,38.2206,242.24353472222222,6.689722222222223,3.737,3.883,13.465,21.085,17.135599999999997
2010-10-24,39.87173333333333,243.02140972222224,6.971180555555556,1.982,7.563,13.2375,22.7825,17.089233333333333
2010-10-25,19.388199999999998,242.40615277777778,3.3922222222222222,0.0,0.541,6.748,7.289000000000001,12.099199999999996
2010-10-26,15.765066666666666,244.89095833333332,2.7504166666666667,0.0,2.488,4.989,7.477,8.288066666666666
2010-10-27,21.004633333333334,246.1087083333333,3.622916666666667,0.0,2.058,8.269,10.327,10.677633333333334
2010-10-28,24.388766666666665,246.25389583333333,4.200138888888889,1.103,2.627,9.087,12.817,11.571766666666665
2010-10-29,20.0737,245.74310416666668,3.5119444444444445,1.075,0.726,3.911,5.712,14.361699999999999
2010-10-30,35.87833333333333,243.26736805555555,6.229027777777778,2.353,0.614,15.303,18.27,17.60833333333333
2010-10-31,24.607166666666668,245.49527777777777,4.235138888888889,1.43,0.678,5.589,7.697000000000001,16.91016666666667
2010-11-01,23.053,246.37959722222223,3.937638888888889,0.0,0.634,8.746,9.38,13.673
2010-11-02,19.851366666666667,245.78691666666666,3.4218055555555553,0.0,0.574,5.784,6.358,13.493366666666667
2010-11-03,21.554966666666665,244.27853472222225,3.7595833333333335,1.021,1.108,6.529,8.658,12.896966666666666
2010-11-04,42.58576666666667,243.15222916666667,7.4961111111111105,6.029,11.193,10.286,27.508000000000003,15.077766666666669
2010-11-05,28.9348,243.77503472222222,5.053333333333334,0.0,0.79,12.61,13.399999999999999,15.5348
2010-11-06,30.09013333333333,238.43022222222223,5.345138888888889,3.255,0.68,9.803,13.738000000000001,16.352133333333327
2010-11-07,27.896933333333333,238.4364861111111,4.965972222222222,1.026,0.621,6.943,8.59,19.306933333333333
2010-11-08,30.425666666666665,237.7430625,5.373194444444445,1.087,0.555,13.038,14.68,15.745666666666665
2010-11-09,33.701633333333334,237.78809027777777,5.985972222222221,2.097,0.583,12.5,15.18,18.521633333333334
2010-11-10,32.442233333333334,239.08477083333335,5.716666666666667,1.026,5.858,13.308,20.192,12.250233333333334
2010-11-11,29.559866666666668,238.72870833333334,5.2555555555555555,3.424,2.216,6.259,11.899000000000001,17.660866666666667
2010-11-12,30.613699999999998,238.83789583333333,5.434861111111111,2.054,0.489,10.308,12.850999999999999,17.7627
2010-11-13,33.719566666666665,239.33274305555557,5.919583333333334,1.051,0.589,13.853,15.493,18.226566666666663
2010-11-14,33.9732,239.2797986111111,6.032361111111111,5.344,0.549,8.758,14.651,19.3222
2010-11-15,29.123033333333336,239.54924305555554,5.125694444444444,1.075,4.222,8.918,14.215,14.908033333333336
2010-11-16,25.162466666666667,241.19761111111112,4.403611111111111,0.0,0.478,7.949,8.427,16.735466666666667
2010-11-17,26.3672,241.45224305555556,4.63125,1.153,0.491,8.915,10.559,15.808200000000001
2010-11-18,27.535866666666667,241.01675,4.876944444444445,2.175,0.489,9.449,12.113,15.422866666666668
2010-11-19,26.173333333333336,240.04675694444447,4.5784722222222225,0.0,0.483,11.914,12.397,13.776333333333335
2010-11-20,36.61676666666666,240.60833333333332,6.472361111111112,4.367,2.947,11.433,18.747,17.869766666666663
2010-11-21,15.015166666666666,241.18019444444442,2.6379166666666665,0.0,0.506,4.778,5.284,9.731166666666667
2010-11-22,34.025600000000004,240.19711805555553,6.014166666666666,4.855,2.11,10.136,17.101,16.924600000000005
2010-11-23,26.292266666666666,240.57552777777778,4.674444444444444,1.871,0.458,7.611,9.94,16.352266666666665
2010-11-24,29.93746666666667,240.0309652777778,5.249583333333333,1.096,2.848,12.224,16.168,13.76946666666667
2010-11-25,23.852733333333333,241.53625694444446,4.169444444444444,1.076,0.426,5.072,6.574,17.278733333333335
2010-11-26,24.801733333333335,240.2910292953286,4.9562945368171025,1.08,0.385,9.989,11.454,13.347733333333334
